2024-02-20 13:55:02,486; None; None; INFO; [31m[1mWARNING: This is a development server. Do not use it in a production deployment. Use a production WSGI server instead.[0m
 * Running on http://127.0.0.1:5000
2024-02-20 13:55:02,486; None; None; INFO; [33mPress CTRL+C to quit[0m
2024-02-20 13:55:02,488; None; None; INFO;  * Restarting with stat
2024-02-20 13:55:03,231; None; None; WARNING;  * Debugger is active!
2024-02-20 13:55:03,234; None; None; INFO;  * Debugger PIN: 106-429-012
2024-02-20 13:55:29,770; None; None; INFO; [31m[1mWARNING: This is a development server. Do not use it in a production deployment. Use a production WSGI server instead.[0m
 * Running on http://127.0.0.1:5000
2024-02-20 13:55:29,771; None; None; INFO; [33mPress CTRL+C to quit[0m
2024-02-20 13:55:29,779; None; None; INFO;  * Restarting with stat
2024-02-20 13:55:30,545; None; None; WARNING;  * Debugger is active!
2024-02-20 13:55:30,548; None; None; INFO;  * Debugger PIN: 106-429-012
2024-02-20 13:56:13,219; None; None; INFO; [31m[1mWARNING: This is a development server. Do not use it in a production deployment. Use a production WSGI server instead.[0m
 * Running on http://127.0.0.1:5000
2024-02-20 13:56:13,219; None; None; INFO; [33mPress CTRL+C to quit[0m
2024-02-20 13:56:13,220; None; None; INFO;  * Restarting with stat
2024-02-20 13:56:13,968; None; None; WARNING;  * Debugger is active!
2024-02-20 13:56:13,971; None; None; INFO;  * Debugger PIN: 106-429-012
2024-02-20 13:56:24,420; None; None; INFO; [31m[1mWARNING: This is a development server. Do not use it in a production deployment. Use a production WSGI server instead.[0m
 * Running on http://127.0.0.1:5000
2024-02-20 13:56:24,420; None; None; INFO; [33mPress CTRL+C to quit[0m
2024-02-20 13:56:24,422; None; None; INFO;  * Restarting with stat
2024-02-20 13:56:25,189; None; None; WARNING;  * Debugger is active!
2024-02-20 13:56:25,192; None; None; INFO;  * Debugger PIN: 106-429-012
2024-02-21 13:48:29,775; None; None; INFO; [31m[1mWARNING: This is a development server. Do not use it in a production deployment. Use a production WSGI server instead.[0m
 * Running on http://127.0.0.1:5000
2024-02-21 13:48:29,775; None; None; INFO; [33mPress CTRL+C to quit[0m
2024-02-21 13:48:29,777; None; None; INFO;  * Restarting with stat
2024-02-21 13:48:30,548; None; None; WARNING;  * Debugger is active!
2024-02-21 13:48:30,551; None; None; INFO;  * Debugger PIN: 106-429-012
2024-02-21 13:56:11,501; None; None; INFO; [31m[1mWARNING: This is a development server. Do not use it in a production deployment. Use a production WSGI server instead.[0m
 * Running on http://127.0.0.1:5000
2024-02-21 13:56:11,501; None; None; INFO; [33mPress CTRL+C to quit[0m
2024-02-21 13:56:11,502; None; None; INFO;  * Restarting with stat
2024-02-21 13:56:12,232; None; None; WARNING;  * Debugger is active!
2024-02-21 13:56:12,235; None; None; INFO;  * Debugger PIN: 106-429-012
2024-02-21 14:07:15,382; 127.0.0.1; http://127.0.0.1:5000/; INFO; Running: index
2024-02-21 14:07:15,410; None; None; INFO; 127.0.0.1 - - [21/Feb/2024 14:07:15] "GET / HTTP/1.1" 200 -
2024-02-21 14:07:16,037; None; None; INFO; 127.0.0.1 - - [21/Feb/2024 14:07:16] "[33mGET /favicon.ico HTTP/1.1[0m" 404 -
2024-02-21 14:07:37,504; 127.0.0.1; http://127.0.0.1:5000/upload; INFO; Running: upload_file
2024-02-21 14:07:37,529; 127.0.0.1; http://127.0.0.1:5000/upload; ERROR; Traceback (most recent call last):
  File "C:\Users\glj523\Documents\github repoes\upload_web_app\app.py", line 129, in upload_file
    clean_sheet = parsers.parse(file_path=file_path,
                  ^^^^^^^^^^^^^^^^^^^^^^^^^^^^^^^^^^
  File "C:\Users\glj523\Documents\github repoes\upload_web_app\utils\parsers.py", line 13, in parse
    schema_name = constants.DATABASE_CONFIG["schema"]
                  ~~~~~~~~~~~~~~~~~~~~~~~~~^^^^^^^^^^
KeyError: 'schema'
Traceback (most recent call last):
  File "C:\Users\glj523\Documents\github repoes\upload_web_app\app.py", line 129, in upload_file
    clean_sheet = parsers.parse(file_path=file_path,
                  ^^^^^^^^^^^^^^^^^^^^^^^^^^^^^^^^^^
  File "C:\Users\glj523\Documents\github repoes\upload_web_app\utils\parsers.py", line 13, in parse
    schema_name = constants.DATABASE_CONFIG["schema"]
                  ~~~~~~~~~~~~~~~~~~~~~~~~~^^^^^^^^^^
KeyError: 'schema'
2024-02-21 14:07:37,530; None; None; INFO; 127.0.0.1 - - [21/Feb/2024 14:07:37] "[32mPOST /upload HTTP/1.1[0m" 302 -
2024-02-21 14:07:37,540; 127.0.0.1; http://127.0.0.1:5000/error; INFO; Running: error
2024-02-21 14:07:37,550; None; None; INFO; 127.0.0.1 - - [21/Feb/2024 14:07:37] "GET /error HTTP/1.1" 200 -
2024-02-21 14:07:58,990; None; None; INFO;  * Detected change in 'C:\\Users\\glj523\\Documents\\github repoes\\upload_web_app\\utils\\parsers.py', reloading
2024-02-21 14:07:59,078; None; None; INFO;  * Restarting with stat
2024-02-21 14:08:01,271; None; None; WARNING;  * Debugger is active!
2024-02-21 14:08:01,275; None; None; INFO;  * Debugger PIN: 106-429-012
2024-02-21 14:08:10,354; None; None; INFO;  * Detected change in 'C:\\Users\\glj523\\Documents\\github repoes\\upload_web_app\\utils\\parsers.py', reloading
2024-02-21 14:08:10,443; None; None; INFO;  * Restarting with stat
2024-02-21 14:08:11,243; None; None; WARNING;  * Debugger is active!
2024-02-21 14:08:11,247; None; None; INFO;  * Debugger PIN: 106-429-012
2024-02-21 14:08:12,267; None; None; INFO;  * Detected change in 'C:\\Users\\glj523\\Documents\\github repoes\\upload_web_app\\utils\\parsers.py', reloading
2024-02-21 14:08:12,366; None; None; INFO;  * Restarting with stat
2024-02-21 14:08:13,144; None; None; WARNING;  * Debugger is active!
2024-02-21 14:08:13,147; None; None; INFO;  * Debugger PIN: 106-429-012
2024-02-21 14:08:13,933; 127.0.0.1; http://127.0.0.1:5000/; INFO; Running: index
2024-02-21 14:08:13,939; None; None; INFO; 127.0.0.1 - - [21/Feb/2024 14:08:13] "GET / HTTP/1.1" 200 -
2024-02-21 14:08:15,897; 127.0.0.1; http://127.0.0.1:5000/upload; INFO; Running: upload_file
2024-02-21 14:08:16,231; 127.0.0.1; http://127.0.0.1:5000/upload; ERROR; Traceback (most recent call last):
  File "C:\Users\glj523\Documents\github repoes\upload_web_app\app.py", line 129, in upload_file
    clean_sheet = parsers.parse(file_path=file_path,
                  ^^^^^^^^^^^^^^^^^^^^^^^^^^^^^^^^^^
  File "C:\Users\glj523\Documents\github repoes\upload_web_app\utils\parsers.py", line 17, in parse
    raise Exception(f'Table {database_table_name} does not exsist in schema {schema_name} of database {database_name}')
Exception: Table field_sample_internal does not exsist in schema test of database aedna_metadata
Traceback (most recent call last):
  File "C:\Users\glj523\Documents\github repoes\upload_web_app\app.py", line 129, in upload_file
    clean_sheet = parsers.parse(file_path=file_path,
                  ^^^^^^^^^^^^^^^^^^^^^^^^^^^^^^^^^^
  File "C:\Users\glj523\Documents\github repoes\upload_web_app\utils\parsers.py", line 17, in parse
    raise Exception(f'Table {database_table_name} does not exsist in schema {schema_name} of database {database_name}')
Exception: Table field_sample_internal does not exsist in schema test of database aedna_metadata
2024-02-21 14:08:16,233; None; None; INFO; 127.0.0.1 - - [21/Feb/2024 14:08:16] "[32mPOST /upload HTTP/1.1[0m" 302 -
2024-02-21 14:08:16,236; 127.0.0.1; http://127.0.0.1:5000/error; INFO; Running: error
2024-02-21 14:08:16,238; None; None; INFO; 127.0.0.1 - - [21/Feb/2024 14:08:16] "GET /error HTTP/1.1" 200 -
2024-02-21 14:08:48,404; None; None; INFO;  * Detected change in 'C:\\Users\\glj523\\Documents\\github repoes\\upload_web_app\\utils\\parsers.py', reloading
2024-02-21 14:08:48,492; None; None; INFO;  * Restarting with stat
2024-02-21 14:08:49,282; None; None; WARNING;  * Debugger is active!
2024-02-21 14:08:49,286; None; None; INFO;  * Debugger PIN: 106-429-012
2024-02-21 14:08:53,320; None; None; INFO;  * Detected change in 'C:\\Users\\glj523\\Documents\\github repoes\\upload_web_app\\utils\\parsers.py', reloading
2024-02-21 14:08:53,405; None; None; INFO;  * Restarting with stat
2024-02-21 14:09:04,579; None; None; INFO; [31m[1mWARNING: This is a development server. Do not use it in a production deployment. Use a production WSGI server instead.[0m
 * Running on http://127.0.0.1:5000
2024-02-21 14:09:04,579; None; None; INFO; [33mPress CTRL+C to quit[0m
2024-02-21 14:09:04,580; None; None; INFO;  * Restarting with stat
2024-02-21 14:09:05,357; None; None; WARNING;  * Debugger is active!
2024-02-21 14:09:05,360; None; None; INFO;  * Debugger PIN: 106-429-012
2024-02-21 14:09:05,369; 127.0.0.1; http://127.0.0.1:5000/; INFO; Running: index
2024-02-21 14:09:05,375; None; None; INFO; 127.0.0.1 - - [21/Feb/2024 14:09:05] "GET / HTTP/1.1" 200 -
2024-02-21 14:09:12,648; 127.0.0.1; http://127.0.0.1:5000/upload; INFO; Running: upload_file
2024-02-21 14:09:12,873; 127.0.0.1; http://127.0.0.1:5000/upload; ERROR; Traceback (most recent call last):
  File "C:\Users\glj523\Documents\github repoes\upload_web_app\app.py", line 129, in upload_file
    clean_sheet = parsers.parse(file_path=file_path,
                  ^^^^^^^^^^^^^^^^^^^^^^^^^^^^^^^^^^
  File "C:\Users\glj523\Documents\github repoes\upload_web_app\utils\parsers.py", line 17, in parse
    raise Exception(f'Table {database_table_name} does not exsist in schema {schema_name} of database {database_name}')
Exception: Table field_sample_internal does not exsist in schema test of database aedna_metadata
Traceback (most recent call last):
  File "C:\Users\glj523\Documents\github repoes\upload_web_app\app.py", line 129, in upload_file
    clean_sheet = parsers.parse(file_path=file_path,
                  ^^^^^^^^^^^^^^^^^^^^^^^^^^^^^^^^^^
  File "C:\Users\glj523\Documents\github repoes\upload_web_app\utils\parsers.py", line 17, in parse
    raise Exception(f'Table {database_table_name} does not exsist in schema {schema_name} of database {database_name}')
Exception: Table field_sample_internal does not exsist in schema test of database aedna_metadata
2024-02-21 14:09:12,874; None; None; INFO; 127.0.0.1 - - [21/Feb/2024 14:09:12] "[32mPOST /upload HTTP/1.1[0m" 302 -
2024-02-21 14:09:12,878; 127.0.0.1; http://127.0.0.1:5000/error; INFO; Running: error
2024-02-21 14:09:12,880; None; None; INFO; 127.0.0.1 - - [21/Feb/2024 14:09:12] "GET /error HTTP/1.1" 200 -
2024-02-21 14:09:35,569; None; None; INFO;  * Detected change in 'C:\\Users\\glj523\\Documents\\github repoes\\upload_web_app\\utils\\parsers.py', reloading
2024-02-21 14:09:35,669; None; None; INFO;  * Restarting with stat
2024-02-21 14:09:36,485; None; None; WARNING;  * Debugger is active!
2024-02-21 14:09:36,488; None; None; INFO;  * Debugger PIN: 106-429-012
2024-02-21 14:09:36,581; 127.0.0.1; http://127.0.0.1:5000/; INFO; Running: index
2024-02-21 14:09:36,587; None; None; INFO; 127.0.0.1 - - [21/Feb/2024 14:09:36] "GET / HTTP/1.1" 200 -
2024-02-21 14:09:41,450; 127.0.0.1; http://127.0.0.1:5000/upload; INFO; Running: upload_file
2024-02-21 14:09:41,680; 127.0.0.1; http://127.0.0.1:5000/upload; ERROR; Traceback (most recent call last):
  File "C:\Users\glj523\Documents\github repoes\upload_web_app\app.py", line 129, in upload_file
    clean_sheet = parsers.parse(file_path=file_path,
                  ^^^^^^^^^^^^^^^^^^^^^^^^^^^^^^^^^^
  File "C:\Users\glj523\Documents\github repoes\upload_web_app\utils\parsers.py", line 18, in parse
    raise Exception(f'Table {database_table_name} does not exsist in schema {schema_name} of database {database_name}')
Exception: Table field_sample_internal does not exsist in schema test of database aedna_metadata
Traceback (most recent call last):
  File "C:\Users\glj523\Documents\github repoes\upload_web_app\app.py", line 129, in upload_file
    clean_sheet = parsers.parse(file_path=file_path,
                  ^^^^^^^^^^^^^^^^^^^^^^^^^^^^^^^^^^
  File "C:\Users\glj523\Documents\github repoes\upload_web_app\utils\parsers.py", line 18, in parse
    raise Exception(f'Table {database_table_name} does not exsist in schema {schema_name} of database {database_name}')
Exception: Table field_sample_internal does not exsist in schema test of database aedna_metadata
2024-02-21 14:09:41,681; None; None; INFO; 127.0.0.1 - - [21/Feb/2024 14:09:41] "[32mPOST /upload HTTP/1.1[0m" 302 -
2024-02-21 14:09:41,684; 127.0.0.1; http://127.0.0.1:5000/error; INFO; Running: error
2024-02-21 14:09:41,686; None; None; INFO; 127.0.0.1 - - [21/Feb/2024 14:09:41] "GET /error HTTP/1.1" 200 -
2024-02-21 14:09:55,639; None; None; INFO;  * Detected change in 'C:\\Users\\glj523\\Documents\\github repoes\\upload_web_app\\utils\\parsers.py', reloading
2024-02-21 14:09:55,722; None; None; INFO;  * Restarting with stat
2024-02-21 14:10:01,603; None; None; INFO; [31m[1mWARNING: This is a development server. Do not use it in a production deployment. Use a production WSGI server instead.[0m
 * Running on http://127.0.0.1:5000
2024-02-21 14:10:01,604; None; None; INFO; [33mPress CTRL+C to quit[0m
2024-02-21 14:10:01,605; None; None; INFO;  * Restarting with stat
2024-02-21 14:10:02,385; None; None; WARNING;  * Debugger is active!
2024-02-21 14:10:02,389; None; None; INFO;  * Debugger PIN: 106-429-012
2024-02-21 14:10:02,397; 127.0.0.1; http://127.0.0.1:5000/; INFO; Running: index
2024-02-21 14:10:02,403; None; None; INFO; 127.0.0.1 - - [21/Feb/2024 14:10:02] "GET / HTTP/1.1" 200 -
2024-02-21 14:10:11,531; 127.0.0.1; http://127.0.0.1:5000/upload; INFO; Running: upload_file
2024-02-21 14:10:11,866; 127.0.0.1; http://127.0.0.1:5000/upload; ERROR; Traceback (most recent call last):
  File "C:\Users\glj523\AppData\Local\miniconda3\envs\db_web_app\Lib\site-packages\sqlalchemy\engine\base.py", line 1969, in _exec_single_context
    self.dialect.do_execute(
  File "C:\Users\glj523\AppData\Local\miniconda3\envs\db_web_app\Lib\site-packages\sqlalchemy\engine\default.py", line 922, in do_execute
    cursor.execute(statement, parameters)
psycopg2.errors.AmbiguousColumn: column reference "table_catalog" is ambiguous
LINE 13:         and table_catalog = 'aedna_metadata'
                     ^


The above exception was the direct cause of the following exception:

Traceback (most recent call last):
  File "C:\Users\glj523\Documents\github repoes\upload_web_app\app.py", line 129, in upload_file
    clean_sheet = parsers.parse(file_path=file_path,
                  ^^^^^^^^^^^^^^^^^^^^^^^^^^^^^^^^^^
  File "C:\Users\glj523\Documents\github repoes\upload_web_app\utils\parsers.py", line 28, in parse
    primary_key = queries.get_primary_key(table_name=database_table_name,
                 ^^^^^^^^^^^^^^^^^^^^^^^^^^^^^^^^^^^^^^^^^^^^^^^^^^^^^^^
  File "C:\Users\glj523\Documents\github repoes\upload_web_app\utils\queries.py", line 31, in get_primary_key
    df = pd.read_sql_query(q, ENGINE)
         ^^^^^^^^^^^^^^^^^^^^^^^^^^^^
  File "C:\Users\glj523\AppData\Local\miniconda3\envs\db_web_app\Lib\site-packages\pandas\io\sql.py", line 486, in read_sql_query
    return pandas_sql.read_query(
           ^^^^^^^^^^^^^^^^^^^^^^
  File "C:\Users\glj523\AppData\Local\miniconda3\envs\db_web_app\Lib\site-packages\pandas\io\sql.py", line 1776, in read_query
    result = self.execute(sql, params)
             ^^^^^^^^^^^^^^^^^^^^^^^^^
  File "C:\Users\glj523\AppData\Local\miniconda3\envs\db_web_app\Lib\site-packages\pandas\io\sql.py", line 1599, in execute
    return self.con.exec_driver_sql(sql, *args)
           ^^^^^^^^^^^^^^^^^^^^^^^^^^^^^^^^^^^^
  File "C:\Users\glj523\AppData\Local\miniconda3\envs\db_web_app\Lib\site-packages\sqlalchemy\engine\base.py", line 1778, in exec_driver_sql
    ret = self._execute_context(
          ^^^^^^^^^^^^^^^^^^^^^^
  File "C:\Users\glj523\AppData\Local\miniconda3\envs\db_web_app\Lib\site-packages\sqlalchemy\engine\base.py", line 1848, in _execute_context
    return self._exec_single_context(
           ^^^^^^^^^^^^^^^^^^^^^^^^^^
  File "C:\Users\glj523\AppData\Local\miniconda3\envs\db_web_app\Lib\site-packages\sqlalchemy\engine\base.py", line 1988, in _exec_single_context
    self._handle_dbapi_exception(
  File "C:\Users\glj523\AppData\Local\miniconda3\envs\db_web_app\Lib\site-packages\sqlalchemy\engine\base.py", line 2344, in _handle_dbapi_exception
    raise sqlalchemy_exception.with_traceback(exc_info[2]) from e
  File "C:\Users\glj523\AppData\Local\miniconda3\envs\db_web_app\Lib\site-packages\sqlalchemy\engine\base.py", line 1969, in _exec_single_context
    self.dialect.do_execute(
  File "C:\Users\glj523\AppData\Local\miniconda3\envs\db_web_app\Lib\site-packages\sqlalchemy\engine\default.py", line 922, in do_execute
    cursor.execute(statement, parameters)
sqlalchemy.exc.ProgrammingError: (psycopg2.errors.AmbiguousColumn) column reference "table_catalog" is ambiguous
LINE 13:         and table_catalog = 'aedna_metadata'
                     ^

[SQL: 
    SELECT 
   *
    FROM 
        information_schema.table_constraints AS tc
    JOIN 
        information_schema.key_column_usage AS kcu 
        ON tc.constraint_name = kcu.constraint_name
    WHERE 
        tc.constraint_type = 'PRIMARY KEY' 
        and tc.table_name = 'field_sample_internal'
        and tc.table_schema = 'test'
        and table_catalog = 'aedna_metadata'
    ]
(Background on this error at: https://sqlalche.me/e/20/f405)
Traceback (most recent call last):
  File "C:\Users\glj523\AppData\Local\miniconda3\envs\db_web_app\Lib\site-packages\sqlalchemy\engine\base.py", line 1969, in _exec_single_context
    self.dialect.do_execute(
  File "C:\Users\glj523\AppData\Local\miniconda3\envs\db_web_app\Lib\site-packages\sqlalchemy\engine\default.py", line 922, in do_execute
    cursor.execute(statement, parameters)
psycopg2.errors.AmbiguousColumn: column reference "table_catalog" is ambiguous
LINE 13:         and table_catalog = 'aedna_metadata'
                     ^


The above exception was the direct cause of the following exception:

Traceback (most recent call last):
  File "C:\Users\glj523\Documents\github repoes\upload_web_app\app.py", line 129, in upload_file
    clean_sheet = parsers.parse(file_path=file_path,
                  ^^^^^^^^^^^^^^^^^^^^^^^^^^^^^^^^^^
  File "C:\Users\glj523\Documents\github repoes\upload_web_app\utils\parsers.py", line 28, in parse
    primary_key = queries.get_primary_key(table_name=database_table_name,
                 ^^^^^^^^^^^^^^^^^^^^^^^^^^^^^^^^^^^^^^^^^^^^^^^^^^^^^^^
  File "C:\Users\glj523\Documents\github repoes\upload_web_app\utils\queries.py", line 31, in get_primary_key
    df = pd.read_sql_query(q, ENGINE)
         ^^^^^^^^^^^^^^^^^^^^^^^^^^^^
  File "C:\Users\glj523\AppData\Local\miniconda3\envs\db_web_app\Lib\site-packages\pandas\io\sql.py", line 486, in read_sql_query
    return pandas_sql.read_query(
           ^^^^^^^^^^^^^^^^^^^^^^
  File "C:\Users\glj523\AppData\Local\miniconda3\envs\db_web_app\Lib\site-packages\pandas\io\sql.py", line 1776, in read_query
    result = self.execute(sql, params)
             ^^^^^^^^^^^^^^^^^^^^^^^^^
  File "C:\Users\glj523\AppData\Local\miniconda3\envs\db_web_app\Lib\site-packages\pandas\io\sql.py", line 1599, in execute
    return self.con.exec_driver_sql(sql, *args)
           ^^^^^^^^^^^^^^^^^^^^^^^^^^^^^^^^^^^^
  File "C:\Users\glj523\AppData\Local\miniconda3\envs\db_web_app\Lib\site-packages\sqlalchemy\engine\base.py", line 1778, in exec_driver_sql
    ret = self._execute_context(
          ^^^^^^^^^^^^^^^^^^^^^^
  File "C:\Users\glj523\AppData\Local\miniconda3\envs\db_web_app\Lib\site-packages\sqlalchemy\engine\base.py", line 1848, in _execute_context
    return self._exec_single_context(
           ^^^^^^^^^^^^^^^^^^^^^^^^^^
  File "C:\Users\glj523\AppData\Local\miniconda3\envs\db_web_app\Lib\site-packages\sqlalchemy\engine\base.py", line 1988, in _exec_single_context
    self._handle_dbapi_exception(
  File "C:\Users\glj523\AppData\Local\miniconda3\envs\db_web_app\Lib\site-packages\sqlalchemy\engine\base.py", line 2344, in _handle_dbapi_exception
    raise sqlalchemy_exception.with_traceback(exc_info[2]) from e
  File "C:\Users\glj523\AppData\Local\miniconda3\envs\db_web_app\Lib\site-packages\sqlalchemy\engine\base.py", line 1969, in _exec_single_context
    self.dialect.do_execute(
  File "C:\Users\glj523\AppData\Local\miniconda3\envs\db_web_app\Lib\site-packages\sqlalchemy\engine\default.py", line 922, in do_execute
    cursor.execute(statement, parameters)
sqlalchemy.exc.ProgrammingError: (psycopg2.errors.AmbiguousColumn) column reference "table_catalog" is ambiguous
LINE 13:         and table_catalog = 'aedna_metadata'
                     ^

[SQL: 
    SELECT 
   *
    FROM 
        information_schema.table_constraints AS tc
    JOIN 
        information_schema.key_column_usage AS kcu 
        ON tc.constraint_name = kcu.constraint_name
    WHERE 
        tc.constraint_type = 'PRIMARY KEY' 
        and tc.table_name = 'field_sample_internal'
        and tc.table_schema = 'test'
        and table_catalog = 'aedna_metadata'
    ]
(Background on this error at: https://sqlalche.me/e/20/f405)
2024-02-21 14:10:11,868; None; None; INFO; 127.0.0.1 - - [21/Feb/2024 14:10:11] "[32mPOST /upload HTTP/1.1[0m" 302 -
2024-02-21 14:10:11,873; 127.0.0.1; http://127.0.0.1:5000/error; INFO; Running: error
2024-02-21 14:10:11,874; None; None; INFO; 127.0.0.1 - - [21/Feb/2024 14:10:11] "GET /error HTTP/1.1" 200 -
2024-02-21 14:11:26,988; None; None; INFO;  * Detected change in 'C:\\Users\\glj523\\Documents\\github repoes\\upload_web_app\\utils\\queries.py', reloading
2024-02-21 14:11:27,096; None; None; INFO;  * Restarting with stat
2024-02-21 14:11:27,852; None; None; WARNING;  * Debugger is active!
2024-02-21 14:11:27,855; None; None; INFO;  * Debugger PIN: 106-429-012
2024-02-21 14:11:32,895; None; None; INFO;  * Detected change in 'C:\\Users\\glj523\\Documents\\github repoes\\upload_web_app\\utils\\queries.py', reloading
2024-02-21 14:11:33,001; None; None; INFO;  * Restarting with stat
2024-02-21 14:11:33,792; None; None; WARNING;  * Debugger is active!
2024-02-21 14:11:33,795; None; None; INFO;  * Debugger PIN: 106-429-012
2024-02-21 14:11:59,972; None; None; INFO;  * Detected change in 'C:\\Users\\glj523\\Documents\\github repoes\\upload_web_app\\utils\\queries.py', reloading
2024-02-21 14:12:00,077; None; None; INFO;  * Restarting with stat
2024-02-21 14:12:00,871; None; None; WARNING;  * Debugger is active!
2024-02-21 14:12:00,874; None; None; INFO;  * Debugger PIN: 106-429-012
2024-02-21 14:12:05,299; 127.0.0.1; http://127.0.0.1:5000/; INFO; Running: index
2024-02-21 14:12:05,304; None; None; INFO; 127.0.0.1 - - [21/Feb/2024 14:12:05] "GET / HTTP/1.1" 200 -
2024-02-21 14:13:57,730; 127.0.0.1; http://127.0.0.1:5000/upload; INFO; Running: upload_file
2024-02-21 14:13:58,086; 127.0.0.1; http://127.0.0.1:5000/upload; ERROR; Traceback (most recent call last):
  File "C:\Users\glj523\Documents\github repoes\upload_web_app\app.py", line 129, in upload_file
    clean_sheet = parsers.parse(file_path=file_path,
                  ^^^^^^^^^^^^^^^^^^^^^^^^^^^^^^^^^^
  File "C:\Users\glj523\Documents\github repoes\upload_web_app\utils\parsers.py", line 48, in parse
    if primary_key in sheet.columns:
       ^^^^^^^^^^^^^^^^^^^^^^^^^^^^
  File "C:\Users\glj523\AppData\Local\miniconda3\envs\db_web_app\Lib\site-packages\pandas\core\indexes\base.py", line 5335, in __contains__
    hash(key)
TypeError: unhashable type: 'DataFrame'
Traceback (most recent call last):
  File "C:\Users\glj523\Documents\github repoes\upload_web_app\app.py", line 129, in upload_file
    clean_sheet = parsers.parse(file_path=file_path,
                  ^^^^^^^^^^^^^^^^^^^^^^^^^^^^^^^^^^
  File "C:\Users\glj523\Documents\github repoes\upload_web_app\utils\parsers.py", line 48, in parse
    if primary_key in sheet.columns:
       ^^^^^^^^^^^^^^^^^^^^^^^^^^^^
  File "C:\Users\glj523\AppData\Local\miniconda3\envs\db_web_app\Lib\site-packages\pandas\core\indexes\base.py", line 5335, in __contains__
    hash(key)
TypeError: unhashable type: 'DataFrame'
2024-02-21 14:13:58,087; None; None; INFO; 127.0.0.1 - - [21/Feb/2024 14:13:58] "[32mPOST /upload HTTP/1.1[0m" 302 -
2024-02-21 14:13:58,090; 127.0.0.1; http://127.0.0.1:5000/error; INFO; Running: error
2024-02-21 14:13:58,098; None; None; INFO; 127.0.0.1 - - [21/Feb/2024 14:13:58] "GET /error HTTP/1.1" 200 -
2024-02-21 14:14:20,864; None; None; INFO;  * Detected change in 'C:\\Users\\glj523\\Documents\\github repoes\\upload_web_app\\utils\\parsers.py', reloading
2024-02-21 14:14:20,976; None; None; INFO;  * Restarting with stat
2024-02-21 14:14:29,602; None; None; INFO; [31m[1mWARNING: This is a development server. Do not use it in a production deployment. Use a production WSGI server instead.[0m
 * Running on http://127.0.0.1:5000
2024-02-21 14:14:29,602; None; None; INFO; [33mPress CTRL+C to quit[0m
2024-02-21 14:14:29,604; None; None; INFO;  * Restarting with stat
2024-02-21 14:14:30,335; None; None; WARNING;  * Debugger is active!
2024-02-21 14:14:30,338; None; None; INFO;  * Debugger PIN: 106-429-012
2024-02-21 14:14:32,911; 127.0.0.1; http://127.0.0.1:5000/; INFO; Running: index
2024-02-21 14:14:32,929; None; None; INFO; 127.0.0.1 - - [21/Feb/2024 14:14:32] "GET / HTTP/1.1" 200 -
2024-02-21 14:14:34,060; 127.0.0.1; http://127.0.0.1:5000/upload; INFO; Running: upload_file
2024-02-21 14:14:34,448; 127.0.0.1; http://127.0.0.1:5000/upload; ERROR; Traceback (most recent call last):
  File "C:\Users\glj523\Documents\github repoes\upload_web_app\app.py", line 129, in upload_file
    clean_sheet = parsers.parse(file_path=file_path,
                  ^^^^^^^^^^^^^^^^^^^^^^^^^^^^^^^^^^
  File "C:\Users\glj523\Documents\github repoes\upload_web_app\utils\parsers.py", line 48, in parse
    if primary_key in list(sheet.columns):
       ^^^^^^^^^^^^^^^^^^^^^^^^^^^^^^^^^^
  File "C:\Users\glj523\AppData\Local\miniconda3\envs\db_web_app\Lib\site-packages\pandas\core\generic.py", line 1519, in __nonzero__
    raise ValueError(
ValueError: The truth value of a DataFrame is ambiguous. Use a.empty, a.bool(), a.item(), a.any() or a.all().
Traceback (most recent call last):
  File "C:\Users\glj523\Documents\github repoes\upload_web_app\app.py", line 129, in upload_file
    clean_sheet = parsers.parse(file_path=file_path,
                  ^^^^^^^^^^^^^^^^^^^^^^^^^^^^^^^^^^
  File "C:\Users\glj523\Documents\github repoes\upload_web_app\utils\parsers.py", line 48, in parse
    if primary_key in list(sheet.columns):
       ^^^^^^^^^^^^^^^^^^^^^^^^^^^^^^^^^^
  File "C:\Users\glj523\AppData\Local\miniconda3\envs\db_web_app\Lib\site-packages\pandas\core\generic.py", line 1519, in __nonzero__
    raise ValueError(
ValueError: The truth value of a DataFrame is ambiguous. Use a.empty, a.bool(), a.item(), a.any() or a.all().
2024-02-21 14:14:34,451; None; None; INFO; 127.0.0.1 - - [21/Feb/2024 14:14:34] "[32mPOST /upload HTTP/1.1[0m" 302 -
2024-02-21 14:14:34,454; 127.0.0.1; http://127.0.0.1:5000/error; INFO; Running: error
2024-02-21 14:14:34,456; None; None; INFO; 127.0.0.1 - - [21/Feb/2024 14:14:34] "GET /error HTTP/1.1" 200 -
2024-02-21 14:15:22,722; None; None; INFO;  * Detected change in 'C:\\Users\\glj523\\Documents\\github repoes\\upload_web_app\\utils\\queries.py', reloading
2024-02-21 14:15:22,840; None; None; INFO;  * Restarting with stat
2024-02-21 14:15:23,610; None; None; WARNING;  * Debugger is active!
2024-02-21 14:15:23,613; None; None; INFO;  * Debugger PIN: 106-429-012
2024-02-21 14:15:34,692; None; None; INFO;  * Detected change in 'C:\\Users\\glj523\\Documents\\github repoes\\upload_web_app\\utils\\queries.py', reloading
2024-02-21 14:15:34,779; None; None; INFO;  * Restarting with stat
2024-02-21 14:15:35,501; None; None; WARNING;  * Debugger is active!
2024-02-21 14:15:35,504; None; None; INFO;  * Debugger PIN: 106-429-012
2024-02-21 14:16:12,785; None; None; INFO;  * Detected change in 'C:\\Users\\glj523\\Documents\\github repoes\\upload_web_app\\utils\\queries.py', reloading
2024-02-21 14:16:12,870; None; None; INFO;  * Restarting with stat
2024-02-21 14:16:13,644; None; None; WARNING;  * Debugger is active!
2024-02-21 14:16:13,648; None; None; INFO;  * Debugger PIN: 106-429-012
2024-02-21 14:17:43,296; None; None; INFO;  * Detected change in 'C:\\Users\\glj523\\Documents\\github repoes\\upload_web_app\\utils\\queries.py', reloading
2024-02-21 14:17:43,390; None; None; INFO;  * Restarting with stat
2024-02-21 14:17:44,129; None; None; WARNING;  * Debugger is active!
2024-02-21 14:17:44,132; None; None; INFO;  * Debugger PIN: 106-429-012
2024-02-21 14:17:46,161; None; None; INFO;  * Detected change in 'C:\\Users\\glj523\\Documents\\github repoes\\upload_web_app\\utils\\queries.py', reloading
2024-02-21 14:17:46,264; None; None; INFO;  * Restarting with stat
2024-02-21 14:17:47,099; None; None; WARNING;  * Debugger is active!
2024-02-21 14:17:47,102; None; None; INFO;  * Debugger PIN: 106-429-012
2024-02-21 14:17:50,132; None; None; INFO;  * Detected change in 'C:\\Users\\glj523\\Documents\\github repoes\\upload_web_app\\utils\\queries.py', reloading
2024-02-21 14:17:50,218; None; None; INFO;  * Restarting with stat
2024-02-21 14:17:51,019; None; None; WARNING;  * Debugger is active!
2024-02-21 14:17:51,022; None; None; INFO;  * Debugger PIN: 106-429-012
2024-02-21 14:17:53,043; None; None; INFO;  * Detected change in 'C:\\Users\\glj523\\Documents\\github repoes\\upload_web_app\\utils\\queries.py', reloading
2024-02-21 14:17:53,157; None; None; INFO;  * Restarting with stat
2024-02-21 14:17:53,920; None; None; WARNING;  * Debugger is active!
2024-02-21 14:17:53,923; None; None; INFO;  * Debugger PIN: 106-429-012
2024-02-21 14:18:09,050; None; None; INFO;  * Detected change in 'C:\\Users\\glj523\\Documents\\github repoes\\upload_web_app\\utils\\queries.py', reloading
2024-02-21 14:18:09,136; None; None; INFO;  * Restarting with stat
2024-02-21 14:18:09,902; None; None; WARNING;  * Debugger is active!
2024-02-21 14:18:09,905; None; None; INFO;  * Debugger PIN: 106-429-012
2024-02-21 14:18:13,942; None; None; INFO;  * Detected change in 'C:\\Users\\glj523\\Documents\\github repoes\\upload_web_app\\utils\\queries.py', reloading
2024-02-21 14:18:14,037; None; None; INFO;  * Restarting with stat
2024-02-21 14:18:36,665; None; None; INFO; [31m[1mWARNING: This is a development server. Do not use it in a production deployment. Use a production WSGI server instead.[0m
 * Running on http://127.0.0.1:5000
2024-02-21 14:18:36,665; None; None; INFO; [33mPress CTRL+C to quit[0m
2024-02-21 14:18:36,666; None; None; INFO;  * Restarting with stat
2024-02-21 14:18:37,404; None; None; WARNING;  * Debugger is active!
2024-02-21 14:18:37,408; None; None; INFO;  * Debugger PIN: 106-429-012
2024-02-21 14:18:40,429; 127.0.0.1; http://127.0.0.1:5000/; INFO; Running: index
2024-02-21 14:18:40,435; None; None; INFO; 127.0.0.1 - - [21/Feb/2024 14:18:40] "GET / HTTP/1.1" 200 -
2024-02-21 14:18:41,719; 127.0.0.1; http://127.0.0.1:5000/upload; INFO; Running: upload_file
2024-02-21 14:18:42,045; 127.0.0.1; http://127.0.0.1:5000/upload; ERROR; Traceback (most recent call last):
  File "C:\Users\glj523\AppData\Local\miniconda3\envs\db_web_app\Lib\site-packages\pandas\core\indexes\base.py", line 3791, in get_loc
    return self._engine.get_loc(casted_key)
           ^^^^^^^^^^^^^^^^^^^^^^^^^^^^^^^^
  File "index.pyx", line 152, in pandas._libs.index.IndexEngine.get_loc
  File "index.pyx", line 181, in pandas._libs.index.IndexEngine.get_loc
  File "pandas\_libs\hashtable_class_helper.pxi", line 7080, in pandas._libs.hashtable.PyObjectHashTable.get_item
  File "pandas\_libs\hashtable_class_helper.pxi", line 7088, in pandas._libs.hashtable.PyObjectHashTable.get_item
KeyError: 'database_insert_datetime_utc'

The above exception was the direct cause of the following exception:

Traceback (most recent call last):
  File "C:\Users\glj523\Documents\github repoes\upload_web_app\utils\parsers.py", line 130, in parse_dates
    sheet[ele] = pd.to_datetime(sheet[ele], format='ISO8601')
                                ~~~~~^^^^^
  File "C:\Users\glj523\AppData\Local\miniconda3\envs\db_web_app\Lib\site-packages\pandas\core\frame.py", line 3893, in __getitem__
    indexer = self.columns.get_loc(key)
              ^^^^^^^^^^^^^^^^^^^^^^^^^
  File "C:\Users\glj523\AppData\Local\miniconda3\envs\db_web_app\Lib\site-packages\pandas\core\indexes\base.py", line 3798, in get_loc
    raise KeyError(key) from err
KeyError: 'database_insert_datetime_utc'

During handling of the above exception, another exception occurred:

Traceback (most recent call last):
  File "C:\Users\glj523\Documents\github repoes\upload_web_app\app.py", line 129, in upload_file
    clean_sheet = parsers.parse(file_path=file_path,
                  ^^^^^^^^^^^^^^^^^^^^^^^^^^^^^^^^^^
  File "C:\Users\glj523\Documents\github repoes\upload_web_app\utils\parsers.py", line 58, in parse
    sheet = parse_dates(sheet, date_columns=date_columns, date_format=date_format)
     ^^^^^^^^^^^^^^^^^^^^^^^^^^^^^^^^^^^^^^^^^^^^^^^^^^^^^^^^^^^^^^^^^^^^^^
  File "C:\Users\glj523\Documents\github repoes\upload_web_app\utils\parsers.py", line 150, in parse_dates
    raise Exception(f"Found time data in column {ele} that does not match chosen date format {date_format}.")
Exception: Found time data in column database_insert_datetime_utc that does not match chosen date format YYYY-MM-DD.
Traceback (most recent call last):
  File "C:\Users\glj523\AppData\Local\miniconda3\envs\db_web_app\Lib\site-packages\pandas\core\indexes\base.py", line 3791, in get_loc
    return self._engine.get_loc(casted_key)
           ^^^^^^^^^^^^^^^^^^^^^^^^^^^^^^^^
  File "index.pyx", line 152, in pandas._libs.index.IndexEngine.get_loc
  File "index.pyx", line 181, in pandas._libs.index.IndexEngine.get_loc
  File "pandas\_libs\hashtable_class_helper.pxi", line 7080, in pandas._libs.hashtable.PyObjectHashTable.get_item
  File "pandas\_libs\hashtable_class_helper.pxi", line 7088, in pandas._libs.hashtable.PyObjectHashTable.get_item
KeyError: 'database_insert_datetime_utc'

The above exception was the direct cause of the following exception:

Traceback (most recent call last):
  File "C:\Users\glj523\Documents\github repoes\upload_web_app\utils\parsers.py", line 130, in parse_dates
    sheet[ele] = pd.to_datetime(sheet[ele], format='ISO8601')
                                ~~~~~^^^^^
  File "C:\Users\glj523\AppData\Local\miniconda3\envs\db_web_app\Lib\site-packages\pandas\core\frame.py", line 3893, in __getitem__
    indexer = self.columns.get_loc(key)
              ^^^^^^^^^^^^^^^^^^^^^^^^^
  File "C:\Users\glj523\AppData\Local\miniconda3\envs\db_web_app\Lib\site-packages\pandas\core\indexes\base.py", line 3798, in get_loc
    raise KeyError(key) from err
KeyError: 'database_insert_datetime_utc'

During handling of the above exception, another exception occurred:

Traceback (most recent call last):
  File "C:\Users\glj523\Documents\github repoes\upload_web_app\app.py", line 129, in upload_file
    clean_sheet = parsers.parse(file_path=file_path,
                  ^^^^^^^^^^^^^^^^^^^^^^^^^^^^^^^^^^
  File "C:\Users\glj523\Documents\github repoes\upload_web_app\utils\parsers.py", line 58, in parse
    sheet = parse_dates(sheet, date_columns=date_columns, date_format=date_format)
     ^^^^^^^^^^^^^^^^^^^^^^^^^^^^^^^^^^^^^^^^^^^^^^^^^^^^^^^^^^^^^^^^^^^^^^
  File "C:\Users\glj523\Documents\github repoes\upload_web_app\utils\parsers.py", line 150, in parse_dates
    raise Exception(f"Found time data in column {ele} that does not match chosen date format {date_format}.")
Exception: Found time data in column database_insert_datetime_utc that does not match chosen date format YYYY-MM-DD.
2024-02-21 14:18:42,048; None; None; INFO; 127.0.0.1 - - [21/Feb/2024 14:18:42] "[32mPOST /upload HTTP/1.1[0m" 302 -
2024-02-21 14:18:42,052; 127.0.0.1; http://127.0.0.1:5000/error; INFO; Running: error
2024-02-21 14:18:42,054; None; None; INFO; 127.0.0.1 - - [21/Feb/2024 14:18:42] "GET /error HTTP/1.1" 200 -
2024-02-21 14:18:58,325; 127.0.0.1; http://127.0.0.1:5000/; INFO; Running: index
2024-02-21 14:18:58,325; None; None; INFO; 127.0.0.1 - - [21/Feb/2024 14:18:58] "GET / HTTP/1.1" 200 -
2024-02-21 14:19:11,237; 127.0.0.1; http://127.0.0.1:5000/upload; INFO; Running: upload_file
2024-02-21 14:19:11,314; 127.0.0.1; http://127.0.0.1:5000/upload; ERROR; Traceback (most recent call last):
  File "C:\Users\glj523\AppData\Local\miniconda3\envs\db_web_app\Lib\site-packages\pandas\core\indexes\base.py", line 3791, in get_loc
    return self._engine.get_loc(casted_key)
           ^^^^^^^^^^^^^^^^^^^^^^^^^^^^^^^^
  File "index.pyx", line 152, in pandas._libs.index.IndexEngine.get_loc
  File "index.pyx", line 181, in pandas._libs.index.IndexEngine.get_loc
  File "pandas\_libs\hashtable_class_helper.pxi", line 7080, in pandas._libs.hashtable.PyObjectHashTable.get_item
  File "pandas\_libs\hashtable_class_helper.pxi", line 7088, in pandas._libs.hashtable.PyObjectHashTable.get_item
KeyError: 'database_insert_datetime_utc'

The above exception was the direct cause of the following exception:

Traceback (most recent call last):
  File "C:\Users\glj523\Documents\github repoes\upload_web_app\utils\parsers.py", line 130, in parse_dates
    sheet[ele] = pd.to_datetime(sheet[ele], format='ISO8601')
                                ~~~~~^^^^^
  File "C:\Users\glj523\AppData\Local\miniconda3\envs\db_web_app\Lib\site-packages\pandas\core\frame.py", line 3893, in __getitem__
    indexer = self.columns.get_loc(key)
              ^^^^^^^^^^^^^^^^^^^^^^^^^
  File "C:\Users\glj523\AppData\Local\miniconda3\envs\db_web_app\Lib\site-packages\pandas\core\indexes\base.py", line 3798, in get_loc
    raise KeyError(key) from err
KeyError: 'database_insert_datetime_utc'

During handling of the above exception, another exception occurred:

Traceback (most recent call last):
  File "C:\Users\glj523\Documents\github repoes\upload_web_app\app.py", line 129, in upload_file
    clean_sheet = parsers.parse(file_path=file_path,
                  ^^^^^^^^^^^^^^^^^^^^^^^^^^^^^^^^^^
  File "C:\Users\glj523\Documents\github repoes\upload_web_app\utils\parsers.py", line 58, in parse
    sheet = parse_dates(sheet, date_columns=date_columns, date_format=date_format)
     ^^^^^^^^^^^^^^^^^^^^^^^^^^^^^^^^^^^^^^^^^^^^^^^^^^^^^^^^^^^^^^^^^^^^^^
  File "C:\Users\glj523\Documents\github repoes\upload_web_app\utils\parsers.py", line 150, in parse_dates
    raise Exception(f"Found time data in column {ele} that does not match chosen date format {date_format}.")
Exception: Found time data in column database_insert_datetime_utc that does not match chosen date format YYYY-MM-DD.
Traceback (most recent call last):
  File "C:\Users\glj523\AppData\Local\miniconda3\envs\db_web_app\Lib\site-packages\pandas\core\indexes\base.py", line 3791, in get_loc
    return self._engine.get_loc(casted_key)
           ^^^^^^^^^^^^^^^^^^^^^^^^^^^^^^^^
  File "index.pyx", line 152, in pandas._libs.index.IndexEngine.get_loc
  File "index.pyx", line 181, in pandas._libs.index.IndexEngine.get_loc
  File "pandas\_libs\hashtable_class_helper.pxi", line 7080, in pandas._libs.hashtable.PyObjectHashTable.get_item
  File "pandas\_libs\hashtable_class_helper.pxi", line 7088, in pandas._libs.hashtable.PyObjectHashTable.get_item
KeyError: 'database_insert_datetime_utc'

The above exception was the direct cause of the following exception:

Traceback (most recent call last):
  File "C:\Users\glj523\Documents\github repoes\upload_web_app\utils\parsers.py", line 130, in parse_dates
    sheet[ele] = pd.to_datetime(sheet[ele], format='ISO8601')
                                ~~~~~^^^^^
  File "C:\Users\glj523\AppData\Local\miniconda3\envs\db_web_app\Lib\site-packages\pandas\core\frame.py", line 3893, in __getitem__
    indexer = self.columns.get_loc(key)
              ^^^^^^^^^^^^^^^^^^^^^^^^^
  File "C:\Users\glj523\AppData\Local\miniconda3\envs\db_web_app\Lib\site-packages\pandas\core\indexes\base.py", line 3798, in get_loc
    raise KeyError(key) from err
KeyError: 'database_insert_datetime_utc'

During handling of the above exception, another exception occurred:

Traceback (most recent call last):
  File "C:\Users\glj523\Documents\github repoes\upload_web_app\app.py", line 129, in upload_file
    clean_sheet = parsers.parse(file_path=file_path,
                  ^^^^^^^^^^^^^^^^^^^^^^^^^^^^^^^^^^
  File "C:\Users\glj523\Documents\github repoes\upload_web_app\utils\parsers.py", line 58, in parse
    sheet = parse_dates(sheet, date_columns=date_columns, date_format=date_format)
     ^^^^^^^^^^^^^^^^^^^^^^^^^^^^^^^^^^^^^^^^^^^^^^^^^^^^^^^^^^^^^^^^^^^^^^
  File "C:\Users\glj523\Documents\github repoes\upload_web_app\utils\parsers.py", line 150, in parse_dates
    raise Exception(f"Found time data in column {ele} that does not match chosen date format {date_format}.")
Exception: Found time data in column database_insert_datetime_utc that does not match chosen date format YYYY-MM-DD.
2024-02-21 14:19:11,316; None; None; INFO; 127.0.0.1 - - [21/Feb/2024 14:19:11] "[32mPOST /upload HTTP/1.1[0m" 302 -
2024-02-21 14:19:11,319; 127.0.0.1; http://127.0.0.1:5000/error; INFO; Running: error
2024-02-21 14:19:11,320; None; None; INFO; 127.0.0.1 - - [21/Feb/2024 14:19:11] "GET /error HTTP/1.1" 200 -
2024-02-21 14:19:36,329; 127.0.0.1; http://127.0.0.1:5000/upload; INFO; Running: upload_file
2024-02-21 14:19:36,387; 127.0.0.1; http://127.0.0.1:5000/upload; ERROR; Traceback (most recent call last):
  File "C:\Users\glj523\Documents\github repoes\upload_web_app\utils\parsers.py", line 135, in parse_dates
    sheet[ele] = pd.to_datetime(sheet[ele], format='%d-%m-%Y')
                 ^^^^^^^^^^^^^^^^^^^^^^^^^^^^^^^^^^^^^^^^^^^^^
  File "C:\Users\glj523\AppData\Local\miniconda3\envs\db_web_app\Lib\site-packages\pandas\core\tools\datetimes.py", line 1112, in to_datetime
    values = convert_listlike(arg._values, format)
             ^^^^^^^^^^^^^^^^^^^^^^^^^^^^^^^^^^^^^
  File "C:\Users\glj523\AppData\Local\miniconda3\envs\db_web_app\Lib\site-packages\pandas\core\tools\datetimes.py", line 488, in _convert_listlike_datetimes
    return _array_strptime_with_fallback(arg, name, utc, format, exact, errors)
           ^^^^^^^^^^^^^^^^^^^^^^^^^^^^^^^^^^^^^^^^^^^^^^^^^^^^^^^^^^^^^^^^^^^^
  File "C:\Users\glj523\AppData\Local\miniconda3\envs\db_web_app\Lib\site-packages\pandas\core\tools\datetimes.py", line 519, in _array_strptime_with_fallback
    result, timezones = array_strptime(arg, fmt, exact=exact, errors=errors, utc=utc)
                        ^^^^^^^^^^^^^^^^^^^^^^^^^^^^^^^^^^^^^^^^^^^^^^^^^^^^^^^^^^^^^
  File "strptime.pyx", line 534, in pandas._libs.tslibs.strptime.array_strptime
  File "strptime.pyx", line 355, in pandas._libs.tslibs.strptime.array_strptime
ValueError: time data "2023-10-22" doesn't match format "%d-%m-%Y", at position 0. You might want to try:
    - passing `format` if your strings have a consistent format;
    - passing `format='ISO8601'` if your strings are all ISO8601 but not necessarily in exactly the same format;
    - passing `format='mixed'`, and the format will be inferred for each element individually. You might want to use `dayfirst` alongside this.

During handling of the above exception, another exception occurred:

Traceback (most recent call last):
  File "C:\Users\glj523\Documents\github repoes\upload_web_app\app.py", line 129, in upload_file
    clean_sheet = parsers.parse(file_path=file_path,
                  ^^^^^^^^^^^^^^^^^^^^^^^^^^^^^^^^^^
  File "C:\Users\glj523\Documents\github repoes\upload_web_app\utils\parsers.py", line 58, in parse
    sheet = parse_dates(sheet, date_columns=date_columns, date_format=date_format)
     ^^^^^^^^^^^^^^^^^^^^^^^^^^^^^^^^^^^^^^^^^^^^^^^^^^^^^^^^^^^^^^^^^^^^^^
  File "C:\Users\glj523\Documents\github repoes\upload_web_app\utils\parsers.py", line 150, in parse_dates
    raise Exception(f"Found time data in column {ele} that does not match chosen date format {date_format}.")
Exception: Found time data in column Sampling Date that does not match chosen date format DD-MM-YYYY.
Traceback (most recent call last):
  File "C:\Users\glj523\Documents\github repoes\upload_web_app\utils\parsers.py", line 135, in parse_dates
    sheet[ele] = pd.to_datetime(sheet[ele], format='%d-%m-%Y')
                 ^^^^^^^^^^^^^^^^^^^^^^^^^^^^^^^^^^^^^^^^^^^^^
  File "C:\Users\glj523\AppData\Local\miniconda3\envs\db_web_app\Lib\site-packages\pandas\core\tools\datetimes.py", line 1112, in to_datetime
    values = convert_listlike(arg._values, format)
             ^^^^^^^^^^^^^^^^^^^^^^^^^^^^^^^^^^^^^
  File "C:\Users\glj523\AppData\Local\miniconda3\envs\db_web_app\Lib\site-packages\pandas\core\tools\datetimes.py", line 488, in _convert_listlike_datetimes
    return _array_strptime_with_fallback(arg, name, utc, format, exact, errors)
           ^^^^^^^^^^^^^^^^^^^^^^^^^^^^^^^^^^^^^^^^^^^^^^^^^^^^^^^^^^^^^^^^^^^^
  File "C:\Users\glj523\AppData\Local\miniconda3\envs\db_web_app\Lib\site-packages\pandas\core\tools\datetimes.py", line 519, in _array_strptime_with_fallback
    result, timezones = array_strptime(arg, fmt, exact=exact, errors=errors, utc=utc)
                        ^^^^^^^^^^^^^^^^^^^^^^^^^^^^^^^^^^^^^^^^^^^^^^^^^^^^^^^^^^^^^
  File "strptime.pyx", line 534, in pandas._libs.tslibs.strptime.array_strptime
  File "strptime.pyx", line 355, in pandas._libs.tslibs.strptime.array_strptime
ValueError: time data "2023-10-22" doesn't match format "%d-%m-%Y", at position 0. You might want to try:
    - passing `format` if your strings have a consistent format;
    - passing `format='ISO8601'` if your strings are all ISO8601 but not necessarily in exactly the same format;
    - passing `format='mixed'`, and the format will be inferred for each element individually. You might want to use `dayfirst` alongside this.

During handling of the above exception, another exception occurred:

Traceback (most recent call last):
  File "C:\Users\glj523\Documents\github repoes\upload_web_app\app.py", line 129, in upload_file
    clean_sheet = parsers.parse(file_path=file_path,
                  ^^^^^^^^^^^^^^^^^^^^^^^^^^^^^^^^^^
  File "C:\Users\glj523\Documents\github repoes\upload_web_app\utils\parsers.py", line 58, in parse
    sheet = parse_dates(sheet, date_columns=date_columns, date_format=date_format)
     ^^^^^^^^^^^^^^^^^^^^^^^^^^^^^^^^^^^^^^^^^^^^^^^^^^^^^^^^^^^^^^^^^^^^^^
  File "C:\Users\glj523\Documents\github repoes\upload_web_app\utils\parsers.py", line 150, in parse_dates
    raise Exception(f"Found time data in column {ele} that does not match chosen date format {date_format}.")
Exception: Found time data in column Sampling Date that does not match chosen date format DD-MM-YYYY.
2024-02-21 14:19:36,389; None; None; INFO; 127.0.0.1 - - [21/Feb/2024 14:19:36] "[32mPOST /upload HTTP/1.1[0m" 302 -
2024-02-21 14:19:36,393; 127.0.0.1; http://127.0.0.1:5000/error; INFO; Running: error
2024-02-21 14:19:36,394; None; None; INFO; 127.0.0.1 - - [21/Feb/2024 14:19:36] "GET /error HTTP/1.1" 200 -
2024-02-21 14:20:47,115; 127.0.0.1; http://127.0.0.1:5000/upload; INFO; Running: upload_file
2024-02-21 14:20:47,162; 127.0.0.1; http://127.0.0.1:5000/upload; ERROR; Traceback (most recent call last):
  File "C:\Users\glj523\AppData\Local\miniconda3\envs\db_web_app\Lib\site-packages\pandas\core\indexes\base.py", line 3791, in get_loc
    return self._engine.get_loc(casted_key)
           ^^^^^^^^^^^^^^^^^^^^^^^^^^^^^^^^
  File "index.pyx", line 152, in pandas._libs.index.IndexEngine.get_loc
  File "index.pyx", line 181, in pandas._libs.index.IndexEngine.get_loc
  File "pandas\_libs\hashtable_class_helper.pxi", line 7080, in pandas._libs.hashtable.PyObjectHashTable.get_item
  File "pandas\_libs\hashtable_class_helper.pxi", line 7088, in pandas._libs.hashtable.PyObjectHashTable.get_item
KeyError: 'database_insert_datetime_utc'

The above exception was the direct cause of the following exception:

Traceback (most recent call last):
  File "C:\Users\glj523\Documents\github repoes\upload_web_app\utils\parsers.py", line 130, in parse_dates
    sheet[ele] = pd.to_datetime(sheet[ele], format='ISO8601')
                                ~~~~~^^^^^
  File "C:\Users\glj523\AppData\Local\miniconda3\envs\db_web_app\Lib\site-packages\pandas\core\frame.py", line 3893, in __getitem__
    indexer = self.columns.get_loc(key)
              ^^^^^^^^^^^^^^^^^^^^^^^^^
  File "C:\Users\glj523\AppData\Local\miniconda3\envs\db_web_app\Lib\site-packages\pandas\core\indexes\base.py", line 3798, in get_loc
    raise KeyError(key) from err
KeyError: 'database_insert_datetime_utc'

During handling of the above exception, another exception occurred:

Traceback (most recent call last):
  File "C:\Users\glj523\Documents\github repoes\upload_web_app\app.py", line 129, in upload_file
    clean_sheet = parsers.parse(file_path=file_path,
                  ^^^^^^^^^^^^^^^^^^^^^^^^^^^^^^^^^^
  File "C:\Users\glj523\Documents\github repoes\upload_web_app\utils\parsers.py", line 58, in parse
    sheet = parse_dates(sheet, date_columns=date_columns, date_format=date_format)
     ^^^^^^^^^^^^^^^^^^^^^^^^^^^^^^^^^^^^^^^^^^^^^^^^^^^^^^^^^^^^^^^^^^^^^^
  File "C:\Users\glj523\Documents\github repoes\upload_web_app\utils\parsers.py", line 150, in parse_dates
    raise Exception(f"Found time data in column {ele} that does not match chosen date format {date_format}.")
Exception: Found time data in column database_insert_datetime_utc that does not match chosen date format YYYY-MM-DD.
Traceback (most recent call last):
  File "C:\Users\glj523\AppData\Local\miniconda3\envs\db_web_app\Lib\site-packages\pandas\core\indexes\base.py", line 3791, in get_loc
    return self._engine.get_loc(casted_key)
           ^^^^^^^^^^^^^^^^^^^^^^^^^^^^^^^^
  File "index.pyx", line 152, in pandas._libs.index.IndexEngine.get_loc
  File "index.pyx", line 181, in pandas._libs.index.IndexEngine.get_loc
  File "pandas\_libs\hashtable_class_helper.pxi", line 7080, in pandas._libs.hashtable.PyObjectHashTable.get_item
  File "pandas\_libs\hashtable_class_helper.pxi", line 7088, in pandas._libs.hashtable.PyObjectHashTable.get_item
KeyError: 'database_insert_datetime_utc'

The above exception was the direct cause of the following exception:

Traceback (most recent call last):
  File "C:\Users\glj523\Documents\github repoes\upload_web_app\utils\parsers.py", line 130, in parse_dates
    sheet[ele] = pd.to_datetime(sheet[ele], format='ISO8601')
                                ~~~~~^^^^^
  File "C:\Users\glj523\AppData\Local\miniconda3\envs\db_web_app\Lib\site-packages\pandas\core\frame.py", line 3893, in __getitem__
    indexer = self.columns.get_loc(key)
              ^^^^^^^^^^^^^^^^^^^^^^^^^
  File "C:\Users\glj523\AppData\Local\miniconda3\envs\db_web_app\Lib\site-packages\pandas\core\indexes\base.py", line 3798, in get_loc
    raise KeyError(key) from err
KeyError: 'database_insert_datetime_utc'

During handling of the above exception, another exception occurred:

Traceback (most recent call last):
  File "C:\Users\glj523\Documents\github repoes\upload_web_app\app.py", line 129, in upload_file
    clean_sheet = parsers.parse(file_path=file_path,
                  ^^^^^^^^^^^^^^^^^^^^^^^^^^^^^^^^^^
  File "C:\Users\glj523\Documents\github repoes\upload_web_app\utils\parsers.py", line 58, in parse
    sheet = parse_dates(sheet, date_columns=date_columns, date_format=date_format)
     ^^^^^^^^^^^^^^^^^^^^^^^^^^^^^^^^^^^^^^^^^^^^^^^^^^^^^^^^^^^^^^^^^^^^^^
  File "C:\Users\glj523\Documents\github repoes\upload_web_app\utils\parsers.py", line 150, in parse_dates
    raise Exception(f"Found time data in column {ele} that does not match chosen date format {date_format}.")
Exception: Found time data in column database_insert_datetime_utc that does not match chosen date format YYYY-MM-DD.
2024-02-21 14:20:47,164; None; None; INFO; 127.0.0.1 - - [21/Feb/2024 14:20:47] "[32mPOST /upload HTTP/1.1[0m" 302 -
2024-02-21 14:20:47,167; 127.0.0.1; http://127.0.0.1:5000/error; INFO; Running: error
2024-02-21 14:20:47,168; None; None; INFO; 127.0.0.1 - - [21/Feb/2024 14:20:47] "GET /error HTTP/1.1" 200 -
2024-02-21 14:21:38,696; None; None; INFO;  * Detected change in 'C:\\Users\\glj523\\Documents\\github repoes\\upload_web_app\\constants.py', reloading
2024-02-21 14:21:38,795; None; None; INFO;  * Restarting with stat
2024-02-21 14:21:39,554; None; None; WARNING;  * Debugger is active!
2024-02-21 14:21:39,557; None; None; INFO;  * Debugger PIN: 106-429-012
2024-02-21 14:21:46,607; None; None; INFO;  * Detected change in 'C:\\Users\\glj523\\Documents\\github repoes\\upload_web_app\\constants.py', reloading
2024-02-21 14:21:46,687; None; None; INFO;  * Restarting with stat
2024-02-21 14:39:34,114; None; None; INFO; [31m[1mWARNING: This is a development server. Do not use it in a production deployment. Use a production WSGI server instead.[0m
 * Running on http://127.0.0.1:5000
2024-02-21 14:39:34,115; None; None; INFO; [33mPress CTRL+C to quit[0m
2024-02-21 14:39:34,116; None; None; INFO;  * Restarting with stat
2024-02-21 14:39:34,958; None; None; WARNING;  * Debugger is active!
2024-02-21 14:39:34,961; None; None; INFO;  * Debugger PIN: 106-429-012
2024-02-21 14:39:38,861; 127.0.0.1; http://127.0.0.1:5000/upload; INFO; Running: upload_file
2024-02-21 14:39:39,226; None; None; INFO; 127.0.0.1 - - [21/Feb/2024 14:39:39] "[32mPOST /upload HTTP/1.1[0m" 302 -
2024-02-21 14:39:39,230; 127.0.0.1; http://127.0.0.1:5000/confirmation_request; INFO; Running: confirmation_request
2024-02-21 14:39:39,256; None; None; INFO; 127.0.0.1 - - [21/Feb/2024 14:39:39] "GET /confirmation_request HTTP/1.1" 200 -
2024-02-21 14:40:00,135; None; None; INFO;  * Detected change in 'C:\\Users\\glj523\\Documents\\github repoes\\upload_web_app\\utils\\parsers.py', reloading
2024-02-21 14:40:00,276; None; None; INFO;  * Restarting with stat
2024-02-21 14:40:01,093; None; None; WARNING;  * Debugger is active!
2024-02-21 14:40:01,096; None; None; INFO;  * Debugger PIN: 106-429-012
2024-02-21 14:40:03,120; None; None; INFO;  * Detected change in 'C:\\Users\\glj523\\Documents\\github repoes\\upload_web_app\\utils\\parsers.py', reloading
2024-02-21 14:40:03,227; None; None; INFO;  * Restarting with stat
2024-02-21 14:40:04,031; None; None; WARNING;  * Debugger is active!
2024-02-21 14:40:04,034; None; None; INFO;  * Debugger PIN: 106-429-012
2024-02-21 14:40:08,490; 127.0.0.1; http://127.0.0.1:5000/confirmed; INFO; Running: confirmed
2024-02-21 14:40:08,492; 127.0.0.1; http://127.0.0.1:5000/confirmed; ERROR; Traceback (most recent call last):
  File "C:\Users\glj523\Documents\github repoes\upload_web_app\app.py", line 190, in confirmed
    clean_sheet = pd.read_csv(os.path.join(PARSED_SHEETS_FOLDER, file_name), encoding='utf_16', sep="\t")
                              ^^^^^^^^^^^^^^^^^^^^^^^^^^^^^^^^^^^^^^^^^^^^^
  File "<frozen ntpath>", line 147, in join
  File "<frozen genericpath>", line 152, in _check_arg_types
TypeError: join() argument must be str, bytes, or os.PathLike object, not 'NoneType'
Traceback (most recent call last):
  File "C:\Users\glj523\Documents\github repoes\upload_web_app\app.py", line 190, in confirmed
    clean_sheet = pd.read_csv(os.path.join(PARSED_SHEETS_FOLDER, file_name), encoding='utf_16', sep="\t")
                              ^^^^^^^^^^^^^^^^^^^^^^^^^^^^^^^^^^^^^^^^^^^^^
  File "<frozen ntpath>", line 147, in join
  File "<frozen genericpath>", line 152, in _check_arg_types
TypeError: join() argument must be str, bytes, or os.PathLike object, not 'NoneType'
2024-02-21 14:40:08,493; None; None; INFO; 127.0.0.1 - - [21/Feb/2024 14:40:08] "[32mPOST /confirmed HTTP/1.1[0m" 302 -
2024-02-21 14:40:08,499; 127.0.0.1; http://127.0.0.1:5000/error; INFO; Running: error
2024-02-21 14:40:08,508; None; None; INFO; 127.0.0.1 - - [21/Feb/2024 14:40:08] "GET /error HTTP/1.1" 200 -
2024-02-21 14:42:05,713; 127.0.0.1; http://127.0.0.1:5000/error; INFO; Running: error
2024-02-21 14:42:05,714; None; None; INFO; 127.0.0.1 - - [21/Feb/2024 14:42:05] "GET /error HTTP/1.1" 200 -
2024-02-21 14:42:37,191; None; None; INFO; [31m[1mWARNING: This is a development server. Do not use it in a production deployment. Use a production WSGI server instead.[0m
 * Running on http://127.0.0.1:5000
2024-02-21 14:42:37,192; None; None; INFO; [33mPress CTRL+C to quit[0m
2024-02-21 14:42:37,194; None; None; INFO;  * Restarting with stat
2024-02-21 14:42:42,085; None; None; WARNING;  * Debugger is active!
2024-02-21 14:42:42,090; None; None; INFO;  * Debugger PIN: 118-894-074
2024-02-21 14:43:01,340; 127.0.0.1; http://127.0.0.1:5000/confirmation_request; INFO; Running: confirmation_request
2024-02-21 14:43:01,352; 127.0.0.1; http://127.0.0.1:5000/confirmation_request; ERROR; Traceback (most recent call last):
  File "C:\Users\glj523\Documents\github repoes\upload_web_app\app.py", line 166, in confirmation_request
    if session['error'] == True:
       ~~~~~~~^^^^^^^^^
  File "c:\Users\glj523\AppData\Local\miniconda3\envs\db_web_app\Lib\site-packages\flask\sessions.py", line 80, in __getitem__
    return super().__getitem__(key)
           ^^^^^^^^^^^^^^^^^^^^^^^^
KeyError: 'error'
Traceback (most recent call last):
  File "C:\Users\glj523\Documents\github repoes\upload_web_app\app.py", line 166, in confirmation_request
    if session['error'] == True:
       ~~~~~~~^^^^^^^^^
  File "c:\Users\glj523\AppData\Local\miniconda3\envs\db_web_app\Lib\site-packages\flask\sessions.py", line 80, in __getitem__
    return super().__getitem__(key)
           ^^^^^^^^^^^^^^^^^^^^^^^^
KeyError: 'error'
2024-02-21 14:43:01,357; None; None; INFO; 127.0.0.1 - - [21/Feb/2024 14:43:01] "[32mGET /confirmation_request HTTP/1.1[0m" 302 -
2024-02-21 14:43:01,362; 127.0.0.1; http://127.0.0.1:5000/error; INFO; Running: error
2024-02-21 14:43:01,372; None; None; INFO; 127.0.0.1 - - [21/Feb/2024 14:43:01] "GET /error HTTP/1.1" 200 -
2024-02-21 14:43:10,617; 127.0.0.1; http://127.0.0.1:5000/upload; INFO; Running: upload_file
2024-02-21 14:43:11,006; None; None; INFO; 127.0.0.1 - - [21/Feb/2024 14:43:11] "[32mPOST /upload HTTP/1.1[0m" 302 -
2024-02-21 14:43:11,011; 127.0.0.1; http://127.0.0.1:5000/confirmation_request; INFO; Running: confirmation_request
2024-02-21 14:43:25,984; None; None; INFO; 127.0.0.1 - - [21/Feb/2024 14:43:25] "GET /confirmation_request HTTP/1.1" 200 -
2024-02-21 14:43:27,548; 127.0.0.1; http://127.0.0.1:5000/confirmed; INFO; Running: confirmed
2024-02-21 14:43:48,631; 127.0.0.1; http://127.0.0.1:5000/confirmed; INFO; Running: confirmed
2024-02-21 14:44:11,675; 127.0.0.1; http://127.0.0.1:5000/confirmed; ERROR; Traceback (most recent call last):
  File "c:\Users\glj523\AppData\Local\miniconda3\envs\db_web_app\Lib\site-packages\sqlalchemy\engine\base.py", line 2113, in _exec_insertmany_context
    dialect.do_execute(
  File "c:\Users\glj523\AppData\Local\miniconda3\envs\db_web_app\Lib\site-packages\sqlalchemy\engine\default.py", line 922, in do_execute
    cursor.execute(statement, parameters)
psycopg2.errors.UniqueViolation: duplicate key value violates unique constraint "field_sample_internal_unique"
DETAIL:  Key ("Sample label (sticker)")=(jkl223_hollerup_20230914_1) already exists.


The above exception was the direct cause of the following exception:

Traceback (most recent call last):
  File "C:\Users\glj523\Documents\github repoes\upload_web_app\app.py", line 192, in confirmed
    clean_sheet.to_sql(name=database_table_name,
  File "c:\Users\glj523\AppData\Local\miniconda3\envs\db_web_app\Lib\site-packages\pandas\util\_decorators.py", line 333, in wrapper
    return func(*args, **kwargs)
           ^^^^^^^^^^^^^^^^^^^^^
  File "c:\Users\glj523\AppData\Local\miniconda3\envs\db_web_app\Lib\site-packages\pandas\core\generic.py", line 3008, in to_sql
    return sql.to_sql(
           ^^^^^^^^^^^
  File "c:\Users\glj523\AppData\Local\miniconda3\envs\db_web_app\Lib\site-packages\pandas\io\sql.py", line 788, in to_sql
    return pandas_sql.to_sql(
           ^^^^^^^^^^^^^^^^^^
  File "c:\Users\glj523\AppData\Local\miniconda3\envs\db_web_app\Lib\site-packages\pandas\io\sql.py", line 1958, in to_sql
    total_inserted = sql_engine.insert_records(
                     ^^^^^^^^^^^^^^^^^^^^^^^^^^
  File "c:\Users\glj523\AppData\Local\miniconda3\envs\db_web_app\Lib\site-packages\pandas\io\sql.py", line 1507, in insert_records
    raise err
  File "c:\Users\glj523\AppData\Local\miniconda3\envs\db_web_app\Lib\site-packages\pandas\io\sql.py", line 1498, in insert_records
    return table.insert(chunksize=chunksize, method=method)
           ^^^^^^^^^^^^^^^^^^^^^^^^^^^^^^^^^^^^^^^^^^^^^^^^
  File "c:\Users\glj523\AppData\Local\miniconda3\envs\db_web_app\Lib\site-packages\pandas\io\sql.py", line 1059, in insert
    num_inserted = exec_insert(conn, keys, chunk_iter)
                   ^^^^^^^^^^^^^^^^^^^^^^^^^^^^^^^^^^^
  File "c:\Users\glj523\AppData\Local\miniconda3\envs\db_web_app\Lib\site-packages\pandas\io\sql.py", line 951, in _execute_insert
    result = conn.execute(self.table.insert(), data)
             ^^^^^^^^^^^^^^^^^^^^^^^^^^^^^^^^^^^^^^^
  File "c:\Users\glj523\AppData\Local\miniconda3\envs\db_web_app\Lib\site-packages\sqlalchemy\engine\base.py", line 1416, in execute
    return meth(
           ^^^^^
  File "c:\Users\glj523\AppData\Local\miniconda3\envs\db_web_app\Lib\site-packages\sqlalchemy\sql\elements.py", line 517, in _execute_on_connection
    return connection._execute_clauseelement(
           ^^^^^^^^^^^^^^^^^^^^^^^^^^^^^^^^^^
  File "c:\Users\glj523\AppData\Local\miniconda3\envs\db_web_app\Lib\site-packages\sqlalchemy\engine\base.py", line 1639, in _execute_clauseelement
    ret = self._execute_context(
          ^^^^^^^^^^^^^^^^^^^^^^
  File "c:\Users\glj523\AppData\Local\miniconda3\envs\db_web_app\Lib\site-packages\sqlalchemy\engine\base.py", line 1843, in _execute_context
    return self._exec_insertmany_context(
           ^^^^^^^^^^^^^^^^^^^^^^^^^^^^^^
  File "c:\Users\glj523\AppData\Local\miniconda3\envs\db_web_app\Lib\site-packages\sqlalchemy\engine\base.py", line 2121, in _exec_insertmany_context
    self._handle_dbapi_exception(
  File "c:\Users\glj523\AppData\Local\miniconda3\envs\db_web_app\Lib\site-packages\sqlalchemy\engine\base.py", line 2344, in _handle_dbapi_exception
    raise sqlalchemy_exception.with_traceback(exc_info[2]) from e
  File "c:\Users\glj523\AppData\Local\miniconda3\envs\db_web_app\Lib\site-packages\sqlalchemy\engine\base.py", line 2113, in _exec_insertmany_context
    dialect.do_execute(
  File "c:\Users\glj523\AppData\Local\miniconda3\envs\db_web_app\Lib\site-packages\sqlalchemy\engine\default.py", line 922, in do_execute
    cursor.execute(statement, parameters)
sqlalchemy.exc.IntegrityError: (psycopg2.errors.UniqueViolation) duplicate key value violates unique constraint "field_sample_internal_unique"
DETAIL:  Key ("Sample label (sticker)")=(jkl223_hollerup_20230914_1) already exists.

[SQL: INSERT INTO test.field_sample_internal ("Sample label (sticker)", "QR Code", "Country/Ocean", "City/Town/Location", "Sampling site", "Latitude", "Longitude", "Sampling Date", "Sample provider(s)", "PI (KU ID)", "Grant", "Running Project Title", "Samp ... 3786 characters truncated ... mment__2)s, %(database_insert_by__2)s, %(from_spreadsheet__2)s, %(database_insert_datetime_utc__2)s)]
[parameters: {'Age_Estimate_AkaZ__0': '[1, 105)', 'Sample_label_AstickerZ__0': 'jkl223_hollerup_20230914_1', 'PI_AKU_IDZ__0': 'hlj234', 'Sampling_depth_reference__0': 'msl', 'Link_to_images__0': None, 'Sample_storage_location__0': 'A: shelf 4.5; W: shelf 4.6', 'City/Town/Location__0': 'Hollerup', 'Running_Project_Title__0': 'Traversing European Coastlines', 'Storing_date__0': '2023-10-22', 'QR_Code__0': None, 'from_spreadsheet__0': 'Field sampling (internal) standardized sheet.txt', 'Marine_isotope_stage_estimate__0': '5e', 'Sampling_site__0': 'Hollerup', 'database_insert_by__0': 'upload_user', 'Comment__0': None, 'Setting__0': 'Outcrop', 'database_insert_datetime_utc__0': '2024-02-21 13:43:11.001432+00:00', 'Sample_container__0': 'Core', 'Sample_storage_address__0': 'GM', 'Link_to_other_relevant_data__0': None, 'Correlation_depth_Abottom,_cmZ__0': 10.0, 'Country/Ocean__0': 'Denmark', 'Miscellaneous_Sample_Measurements_or_Observations__0': 'water content: 10 %; ', 'Miscellaneous_Environmental_Measurements_or_Observations__0': 'temperature: 7 celcius; ', 'Sample_storage_setting__0': 'Cold room', 'Disposal_date__0': '2023-10-22', 'Sediment_type__0': 'Lacustrine', 'Grant__0': 'NOVO', 'Correlation_depth_Atop,_cmZ__0': 10.0, 'Sample_providerAsZ__0': 'hlj234', 'Sampling_depth_Ainterval,_cmZ__0': '[10, 50)', 'Longitude__0': -45.5347, 'Period_Estimate__0': 'Holocene', 'Sampling_Date__0': '2023-10-22', 'Height_above_mean_sea_level_AmetersZ__0': 37.0, 'Sampling_depth_Adiscrete,_cmZ__0': 10.0, 'Latitude__0': 61.1399, 'Age_Estimate_AkaZ__1': '[1, 105)', 'Sample_label_AstickerZ__1': 'jkl223_hollerup_20230914_2', 'PI_AKU_IDZ__1': 'hlj234', 'Sampling_depth_reference__1': 'local surface', 'Link_to_images__1': None, 'Sample_storage_location__1': 'A: shelf 4.5; W: shelf 4.6', 'City/Town/Location__1': 'Hollerup', 'Running_Project_Title__1': 'Arctic Canada', 'Storing_date__1': '2023-10-22', 'QR_Code__1': None, 'from_spreadsheet__1': 'Field sampling (internal) standardized sheet.txt', 'Marine_isotope_stage_estimate__1': '5e', 'Sampling_site__1': 'Hollerup' ... 11 parameters truncated ... 'Sample_storage_setting__1': 'Walk-in Freezer', 'Disposal_date__1': '2023-10-22', 'Sediment_type__1': 'Glaciofluvial', 'Grant__1': 'NOVO', 'Correlation_depth_Atop,_cmZ__1': 200.0, 'Sample_providerAsZ__1': 'hlj234', 'Sampling_depth_Ainterval,_cmZ__1': '[10, 20)', 'Longitude__1': -45.5347, 'Period_Estimate__1': 'Holocene', 'Sampling_Date__1': '2023-10-22', 'Height_above_mean_sea_level_AmetersZ__1': 37.0, 'Sampling_depth_Adiscrete,_cmZ__1': 200.0, 'Latitude__1': 61.1399, 'Age_Estimate_AkaZ__2': '[1, 105)', 'Sample_label_AstickerZ__2': 'jkl223_hollerup_20230914_3', 'PI_AKU_IDZ__2': 'hlj234', 'Sampling_depth_reference__2': 'CGG_3_000002', 'Link_to_images__2': None, 'Sample_storage_location__2': 'A: shelf 4.5; W: shelf 4.6', 'City/Town/Location__2': 'Hollerup', 'Running_Project_Title__2': 'Arctic Canada', 'Storing_date__2': '2023-10-22', 'QR_Code__2': None, 'from_spreadsheet__2': 'Field sampling (internal) standardized sheet.txt', 'Marine_isotope_stage_estimate__2': '5e', 'Sampling_site__2': 'Hollerup', 'database_insert_by__2': 'upload_user', 'Comment__2': None, 'Setting__2': 'Lake', 'database_insert_datetime_utc__2': '2024-02-21 13:43:11.001432+00:00', 'Sample_container__2': 'OSL', 'Sample_storage_address__2': 'GM', 'Link_to_other_relevant_data__2': None, 'Correlation_depth_Abottom,_cmZ__2': 300.3, 'Country/Ocean__2': 'Denmark', 'Miscellaneous_Sample_Measurements_or_Observations__2': 'water content: 10 %; porosity: 5 %', 'Miscellaneous_Environmental_Measurements_or_Observations__2': 'temperature: 7 celcius; cloud cover: overcast;', 'Sample_storage_setting__2': 'Cold room', 'Disposal_date__2': '2023-10-22', 'Sediment_type__2': 'Glaciofluvial', 'Grant__2': 'NOVO', 'Correlation_depth_Atop,_cmZ__2': 300.3, 'Sample_providerAsZ__2': 'hlj234; glj523', 'Sampling_depth_Ainterval,_cmZ__2': '[-10, -5)', 'Longitude__2': -45.5347, 'Period_Estimate__2': 'Pleistocene', 'Sampling_Date__2': '2023-10-22', 'Height_above_mean_sea_level_AmetersZ__2': 37.5, 'Sampling_depth_Adiscrete,_cmZ__2': 300.3, 'Latitude__2': 61.1399}]
(Background on this error at: https://sqlalche.me/e/20/gkpj)
Traceback (most recent call last):
  File "c:\Users\glj523\AppData\Local\miniconda3\envs\db_web_app\Lib\site-packages\sqlalchemy\engine\base.py", line 2113, in _exec_insertmany_context
    dialect.do_execute(
  File "c:\Users\glj523\AppData\Local\miniconda3\envs\db_web_app\Lib\site-packages\sqlalchemy\engine\default.py", line 922, in do_execute
    cursor.execute(statement, parameters)
psycopg2.errors.UniqueViolation: duplicate key value violates unique constraint "field_sample_internal_unique"
DETAIL:  Key ("Sample label (sticker)")=(jkl223_hollerup_20230914_1) already exists.


The above exception was the direct cause of the following exception:

Traceback (most recent call last):
  File "C:\Users\glj523\Documents\github repoes\upload_web_app\app.py", line 192, in confirmed
    clean_sheet.to_sql(name=database_table_name,
  File "c:\Users\glj523\AppData\Local\miniconda3\envs\db_web_app\Lib\site-packages\pandas\util\_decorators.py", line 333, in wrapper
    return func(*args, **kwargs)
           ^^^^^^^^^^^^^^^^^^^^^
  File "c:\Users\glj523\AppData\Local\miniconda3\envs\db_web_app\Lib\site-packages\pandas\core\generic.py", line 3008, in to_sql
    return sql.to_sql(
           ^^^^^^^^^^^
  File "c:\Users\glj523\AppData\Local\miniconda3\envs\db_web_app\Lib\site-packages\pandas\io\sql.py", line 788, in to_sql
    return pandas_sql.to_sql(
           ^^^^^^^^^^^^^^^^^^
  File "c:\Users\glj523\AppData\Local\miniconda3\envs\db_web_app\Lib\site-packages\pandas\io\sql.py", line 1958, in to_sql
    total_inserted = sql_engine.insert_records(
                     ^^^^^^^^^^^^^^^^^^^^^^^^^^
  File "c:\Users\glj523\AppData\Local\miniconda3\envs\db_web_app\Lib\site-packages\pandas\io\sql.py", line 1507, in insert_records
    raise err
  File "c:\Users\glj523\AppData\Local\miniconda3\envs\db_web_app\Lib\site-packages\pandas\io\sql.py", line 1498, in insert_records
    return table.insert(chunksize=chunksize, method=method)
           ^^^^^^^^^^^^^^^^^^^^^^^^^^^^^^^^^^^^^^^^^^^^^^^^
  File "c:\Users\glj523\AppData\Local\miniconda3\envs\db_web_app\Lib\site-packages\pandas\io\sql.py", line 1059, in insert
    num_inserted = exec_insert(conn, keys, chunk_iter)
                   ^^^^^^^^^^^^^^^^^^^^^^^^^^^^^^^^^^^
  File "c:\Users\glj523\AppData\Local\miniconda3\envs\db_web_app\Lib\site-packages\pandas\io\sql.py", line 951, in _execute_insert
    result = conn.execute(self.table.insert(), data)
             ^^^^^^^^^^^^^^^^^^^^^^^^^^^^^^^^^^^^^^^
  File "c:\Users\glj523\AppData\Local\miniconda3\envs\db_web_app\Lib\site-packages\sqlalchemy\engine\base.py", line 1416, in execute
    return meth(
           ^^^^^
  File "c:\Users\glj523\AppData\Local\miniconda3\envs\db_web_app\Lib\site-packages\sqlalchemy\sql\elements.py", line 517, in _execute_on_connection
    return connection._execute_clauseelement(
           ^^^^^^^^^^^^^^^^^^^^^^^^^^^^^^^^^^
  File "c:\Users\glj523\AppData\Local\miniconda3\envs\db_web_app\Lib\site-packages\sqlalchemy\engine\base.py", line 1639, in _execute_clauseelement
    ret = self._execute_context(
          ^^^^^^^^^^^^^^^^^^^^^^
  File "c:\Users\glj523\AppData\Local\miniconda3\envs\db_web_app\Lib\site-packages\sqlalchemy\engine\base.py", line 1843, in _execute_context
    return self._exec_insertmany_context(
           ^^^^^^^^^^^^^^^^^^^^^^^^^^^^^^
  File "c:\Users\glj523\AppData\Local\miniconda3\envs\db_web_app\Lib\site-packages\sqlalchemy\engine\base.py", line 2121, in _exec_insertmany_context
    self._handle_dbapi_exception(
  File "c:\Users\glj523\AppData\Local\miniconda3\envs\db_web_app\Lib\site-packages\sqlalchemy\engine\base.py", line 2344, in _handle_dbapi_exception
    raise sqlalchemy_exception.with_traceback(exc_info[2]) from e
  File "c:\Users\glj523\AppData\Local\miniconda3\envs\db_web_app\Lib\site-packages\sqlalchemy\engine\base.py", line 2113, in _exec_insertmany_context
    dialect.do_execute(
  File "c:\Users\glj523\AppData\Local\miniconda3\envs\db_web_app\Lib\site-packages\sqlalchemy\engine\default.py", line 922, in do_execute
    cursor.execute(statement, parameters)
sqlalchemy.exc.IntegrityError: (psycopg2.errors.UniqueViolation) duplicate key value violates unique constraint "field_sample_internal_unique"
DETAIL:  Key ("Sample label (sticker)")=(jkl223_hollerup_20230914_1) already exists.

[SQL: INSERT INTO test.field_sample_internal ("Sample label (sticker)", "QR Code", "Country/Ocean", "City/Town/Location", "Sampling site", "Latitude", "Longitude", "Sampling Date", "Sample provider(s)", "PI (KU ID)", "Grant", "Running Project Title", "Samp ... 3786 characters truncated ... mment__2)s, %(database_insert_by__2)s, %(from_spreadsheet__2)s, %(database_insert_datetime_utc__2)s)]
[parameters: {'Age_Estimate_AkaZ__0': '[1, 105)', 'Sample_label_AstickerZ__0': 'jkl223_hollerup_20230914_1', 'PI_AKU_IDZ__0': 'hlj234', 'Sampling_depth_reference__0': 'msl', 'Link_to_images__0': None, 'Sample_storage_location__0': 'A: shelf 4.5; W: shelf 4.6', 'City/Town/Location__0': 'Hollerup', 'Running_Project_Title__0': 'Traversing European Coastlines', 'Storing_date__0': '2023-10-22', 'QR_Code__0': None, 'from_spreadsheet__0': 'Field sampling (internal) standardized sheet.txt', 'Marine_isotope_stage_estimate__0': '5e', 'Sampling_site__0': 'Hollerup', 'database_insert_by__0': 'upload_user', 'Comment__0': None, 'Setting__0': 'Outcrop', 'database_insert_datetime_utc__0': '2024-02-21 13:43:11.001432+00:00', 'Sample_container__0': 'Core', 'Sample_storage_address__0': 'GM', 'Link_to_other_relevant_data__0': None, 'Correlation_depth_Abottom,_cmZ__0': 10.0, 'Country/Ocean__0': 'Denmark', 'Miscellaneous_Sample_Measurements_or_Observations__0': 'water content: 10 %; ', 'Miscellaneous_Environmental_Measurements_or_Observations__0': 'temperature: 7 celcius; ', 'Sample_storage_setting__0': 'Cold room', 'Disposal_date__0': '2023-10-22', 'Sediment_type__0': 'Lacustrine', 'Grant__0': 'NOVO', 'Correlation_depth_Atop,_cmZ__0': 10.0, 'Sample_providerAsZ__0': 'hlj234', 'Sampling_depth_Ainterval,_cmZ__0': '[10, 50)', 'Longitude__0': -45.5347, 'Period_Estimate__0': 'Holocene', 'Sampling_Date__0': '2023-10-22', 'Height_above_mean_sea_level_AmetersZ__0': 37.0, 'Sampling_depth_Adiscrete,_cmZ__0': 10.0, 'Latitude__0': 61.1399, 'Age_Estimate_AkaZ__1': '[1, 105)', 'Sample_label_AstickerZ__1': 'jkl223_hollerup_20230914_2', 'PI_AKU_IDZ__1': 'hlj234', 'Sampling_depth_reference__1': 'local surface', 'Link_to_images__1': None, 'Sample_storage_location__1': 'A: shelf 4.5; W: shelf 4.6', 'City/Town/Location__1': 'Hollerup', 'Running_Project_Title__1': 'Arctic Canada', 'Storing_date__1': '2023-10-22', 'QR_Code__1': None, 'from_spreadsheet__1': 'Field sampling (internal) standardized sheet.txt', 'Marine_isotope_stage_estimate__1': '5e', 'Sampling_site__1': 'Hollerup' ... 11 parameters truncated ... 'Sample_storage_setting__1': 'Walk-in Freezer', 'Disposal_date__1': '2023-10-22', 'Sediment_type__1': 'Glaciofluvial', 'Grant__1': 'NOVO', 'Correlation_depth_Atop,_cmZ__1': 200.0, 'Sample_providerAsZ__1': 'hlj234', 'Sampling_depth_Ainterval,_cmZ__1': '[10, 20)', 'Longitude__1': -45.5347, 'Period_Estimate__1': 'Holocene', 'Sampling_Date__1': '2023-10-22', 'Height_above_mean_sea_level_AmetersZ__1': 37.0, 'Sampling_depth_Adiscrete,_cmZ__1': 200.0, 'Latitude__1': 61.1399, 'Age_Estimate_AkaZ__2': '[1, 105)', 'Sample_label_AstickerZ__2': 'jkl223_hollerup_20230914_3', 'PI_AKU_IDZ__2': 'hlj234', 'Sampling_depth_reference__2': 'CGG_3_000002', 'Link_to_images__2': None, 'Sample_storage_location__2': 'A: shelf 4.5; W: shelf 4.6', 'City/Town/Location__2': 'Hollerup', 'Running_Project_Title__2': 'Arctic Canada', 'Storing_date__2': '2023-10-22', 'QR_Code__2': None, 'from_spreadsheet__2': 'Field sampling (internal) standardized sheet.txt', 'Marine_isotope_stage_estimate__2': '5e', 'Sampling_site__2': 'Hollerup', 'database_insert_by__2': 'upload_user', 'Comment__2': None, 'Setting__2': 'Lake', 'database_insert_datetime_utc__2': '2024-02-21 13:43:11.001432+00:00', 'Sample_container__2': 'OSL', 'Sample_storage_address__2': 'GM', 'Link_to_other_relevant_data__2': None, 'Correlation_depth_Abottom,_cmZ__2': 300.3, 'Country/Ocean__2': 'Denmark', 'Miscellaneous_Sample_Measurements_or_Observations__2': 'water content: 10 %; porosity: 5 %', 'Miscellaneous_Environmental_Measurements_or_Observations__2': 'temperature: 7 celcius; cloud cover: overcast;', 'Sample_storage_setting__2': 'Cold room', 'Disposal_date__2': '2023-10-22', 'Sediment_type__2': 'Glaciofluvial', 'Grant__2': 'NOVO', 'Correlation_depth_Atop,_cmZ__2': 300.3, 'Sample_providerAsZ__2': 'hlj234; glj523', 'Sampling_depth_Ainterval,_cmZ__2': '[-10, -5)', 'Longitude__2': -45.5347, 'Period_Estimate__2': 'Pleistocene', 'Sampling_Date__2': '2023-10-22', 'Height_above_mean_sea_level_AmetersZ__2': 37.5, 'Sampling_depth_Adiscrete,_cmZ__2': 300.3, 'Latitude__2': 61.1399}]
(Background on this error at: https://sqlalche.me/e/20/gkpj)
2024-02-21 14:44:11,686; None; None; INFO; 127.0.0.1 - - [21/Feb/2024 14:44:11] "[32mPOST /confirmed HTTP/1.1[0m" 302 -
2024-02-21 14:44:11,691; 127.0.0.1; http://127.0.0.1:5000/error; INFO; Running: error
2024-02-21 14:44:11,694; None; None; INFO; 127.0.0.1 - - [21/Feb/2024 14:44:11] "GET /error HTTP/1.1" 200 -
2024-02-21 14:44:11,842; None; None; INFO; 127.0.0.1 - - [21/Feb/2024 14:44:11] "[32mPOST /confirmed HTTP/1.1[0m" 302 -
2024-02-21 14:45:11,662; 127.0.0.1; http://127.0.0.1:5000/confirmation_request; INFO; Running: confirmation_request
2024-02-21 14:45:11,663; None; None; INFO; 127.0.0.1 - - [21/Feb/2024 14:45:11] "[32mGET /confirmation_request HTTP/1.1[0m" 302 -
2024-02-21 14:46:34,688; None; None; INFO; [31m[1mWARNING: This is a development server. Do not use it in a production deployment. Use a production WSGI server instead.[0m
 * Running on http://127.0.0.1:5000
2024-02-21 14:46:34,688; None; None; INFO; [33mPress CTRL+C to quit[0m
2024-02-21 14:46:34,689; None; None; INFO;  * Restarting with stat
2024-02-21 14:46:35,436; None; None; WARNING;  * Debugger is active!
2024-02-21 14:46:35,440; None; None; INFO;  * Debugger PIN: 106-429-012
2024-02-21 14:46:53,422; 127.0.0.1; http://127.0.0.1:5000/upload; INFO; Running: upload_file
2024-02-21 14:46:53,797; None; None; INFO; 127.0.0.1 - - [21/Feb/2024 14:46:53] "[32mPOST /upload HTTP/1.1[0m" 302 -
2024-02-21 14:46:53,800; 127.0.0.1; http://127.0.0.1:5000/confirmation_request; INFO; Running: confirmation_request
2024-02-21 14:46:53,823; None; None; INFO; 127.0.0.1 - - [21/Feb/2024 14:46:53] "GET /confirmation_request HTTP/1.1" 200 -
2024-02-21 14:46:55,905; 127.0.0.1; http://127.0.0.1:5000/confirmed; INFO; Running: confirmed
2024-02-21 14:46:55,937; None; None; INFO; 127.0.0.1 - - [21/Feb/2024 14:46:55] "[32mPOST /confirmed HTTP/1.1[0m" 302 -
2024-02-21 14:46:55,940; 127.0.0.1; http://127.0.0.1:5000/success; INFO; Running: success
2024-02-21 14:46:55,960; None; None; INFO; 127.0.0.1 - - [21/Feb/2024 14:46:55] "GET /success HTTP/1.1" 200 -
2024-02-21 14:47:02,556; 127.0.0.1; http://127.0.0.1:5000/upload; INFO; Running: upload_file
2024-02-21 14:47:02,558; 127.0.0.1; http://127.0.0.1:5000/upload; ERROR; Traceback (most recent call last):
  File "C:\Users\glj523\Documents\github repoes\upload_web_app\app.py", line 115, in upload_file
    raise DontTriggerFileDeletion(f'A file with the exact same name has already been uploaded to the database. Contact admin you believe this is an error, or if you want to re-upload the file')
utils.CustomExceptions.DontTriggerFileDeletion: A file with the exact same name has already been uploaded to the database. Contact admin you believe this is an error, or if you want to re-upload the file
Traceback (most recent call last):
  File "C:\Users\glj523\Documents\github repoes\upload_web_app\app.py", line 115, in upload_file
    raise DontTriggerFileDeletion(f'A file with the exact same name has already been uploaded to the database. Contact admin you believe this is an error, or if you want to re-upload the file')
utils.CustomExceptions.DontTriggerFileDeletion: A file with the exact same name has already been uploaded to the database. Contact admin you believe this is an error, or if you want to re-upload the file
2024-02-21 14:47:02,560; None; None; INFO; 127.0.0.1 - - [21/Feb/2024 14:47:02] "[32mPOST /upload HTTP/1.1[0m" 302 -
2024-02-21 14:47:02,564; 127.0.0.1; http://127.0.0.1:5000/error; INFO; Running: error
2024-02-21 14:47:02,572; None; None; INFO; 127.0.0.1 - - [21/Feb/2024 14:47:02] "GET /error HTTP/1.1" 200 -
