[Header],,,,,,,,
IEMFileVersion,5,,,,,,,
Date,2024-03-22,,,,,,,,
Workflow,GenerateFASTQ,,,,,,,
Application,NovaSeq FASTQ Only,,,,,,,
Instrument Type,NovaSeq,,,,,,,
Assay,Shotgun Ancient,,,,,,,
Index Adapters,UDI,,,,,,,
Description,,,,,,,,
Chemistry,Shotgun Ancient,,,,,,,
,,,,,,,,
[Reads],,,,,,,,
101,,,,,,,,,
101,,,,,,,,,
,,,,,,,,
[Settings],,,,,,,,
,,,,,,,,
[Data],,,,,,,,
Sample_ID,Sample_Name,Sample_Plate,Sample_Well,I7_Index_ID,index,I5_Index_ID,index2,Sample_Project
LV7008956636-LV7005365901-LV3005887564,,,,UDP097,TGCCGGTCAG,UDP097,TTGTATCAGG,KapK
LV7008956648-LV7005365909-LV3005887570,,,,UDP098,CACTCAATTC,UDP098,CACAACTTAA,KapK
LV7008956660-LV7005365917-LV3005887576,,,,UDP099,TCTCACACGC,UDP099,TCACTGTCCG,KapK
LV7008956672-LV7005365925-LV3005887582,,,,UDP100,TCAATGGAGA,UDP100,GTTGTAGTGC,KapK
LV7008956684-LV7005365933-LV3005887565,,,,UDP101,ATATGCATGT,UDP101,CCAGGCACCA,KapK
LV7008956696-LV7005365941-LV3005887571,,,,UDP102,ATGGCGCCTG,UDP102,AGGCCGTGGA,KapK
LV7008956708-LV7005365902-LV3005887577,,,,UDP103,TCCGTTATGT,UDP103,TACACTACAA,KapK
LV7008956720-LV7005365910-LV3005887583,,,,UDP104,GGTCTATTAA,UDP104,CGTGTCGTGG,KapK
LV7008956635-LV7005365918-LV3005887566,,,,UDP105,CAGCAATCGT,UDP105,ATACATCACA,KapK
LV7008956647-LV7005365926-LV3005887572,,,,UDP106,TTCTGTAGAA,UDP106,TATTGCGCTC,KapK
LV7008956659-LV7005365934-LV3005887578,,,,UDP107,GAACGCAATA,UDP107,ACAGTAAGAT,KapK
LV7008953936-LV7005365942-LV3005887584,,,,UDP108,AGTACTCATG,UDP108,ACCACGACAT,KapK
LV7008956683-LV7005365903-LV3005887567,,,,UDP109,GGTAGAATTA,UDP109,TGATGGCTAC,KapK
LV7008956695-LV7005365911-LV3005887573,,,,UDP110,TAATTAGCGT,UDP110,TTCTTAACCA,KapK
LV7008956707-LV7005365919-LV3005887579,,,,UDP111,ATTAACAAGG,UDP111,ACGAACAACA,KapK
LV7008956719-LV7005365927-LV3005887585,,,,UDP112,TGATGGCTAC,UDP112,ATGTTGTTGG,KapK
LV7008956634-LV7005365935-LV3005887574,,,,UDP113,GAATTACAAG,UDP113,CTGAGCCGGT,KapK
LV7008956646-LV7005365943-LV3005887568,,,,UDP114,TAGAATTGGA,UDP114,TCAGATTAAC,KapK
LV7008956658-LV7005365904-LV3005887580,,,,UDP115,AGGCAGCTCT,UDP115,ACGTTAGCCG,KapK
LV7008956670-ExrNTC24012401-ExrNTC,,,,UDP116,ATCGGCGAAG,UDP116,AATTCTTGGA,KapK
LV7008956682-LV7005365912-LV3005887569,,,,UDP117,CCGTGACCGA,UDP117,CAACGTTCGG,KapK
LV7008956694-LV7005365905-LV3005887575,,,,UDP118,ATACTTGTTC,UDP118,TCGGCGGTTA,KapK
LV7008956706-LV7005365920-LV3005887586,,,,UDP119,TCCGCCAATT,UDP119,CAGCACGGAG,KapK
LV7008956718-LV7005365928-LV3005887581,,,,UDP120,AGGACAGGCC,UDP120,AGCTGGAATG,KapK
LV7008956633-LV7005365936-LV3005887589,,,,UDP121,AGAGAACCTA,UDP121,TAGCATAACC,KapK
LV7008956645-LV7005365944-LV3005888228,,,,UDP122,GATATTGTGT,UDP122,ACCGTGTGGT,KapK
LV7008956657-LV7005365913-LV3005888234,,,,UDP123,CGTACAGGAA,UDP123,AGAGAACCTA,KapK
LV7008956669-LV7005365921-LV3005888241,,,,UDP124,CTGCGTTACC,UDP124,TCGAGCCATA,KapK
LV7008956681-LV7005365929-LV3005888247,,,,UDP125,AGGCCGTGGA,UDP125,AACGCACGAG,KapK
LV7008956693-LV7005365937-LV3005888229,,,,UDP126,AGGAGGTATC,UDP126,TGCCAACTGG,KapK
LV7008956705-LV7005365945-LV3005888235,,,,UDP127,GCTGACGTTG,UDP127,AATGCGAACA,KapK
LV7008956717-LV7005365906-LV3005888242,,,,UDP128,CTAATAACCG,UDP128,CGATGCGGTT,KapK
LV7008956632-LV7005365914-LV3005888248,,,,UDP129,TCTAGGCGCG,UDP129,TTAACCTTCG,KapK
LV7008956644-LV7005365922-LV3005888230,,,,UDP130,ATAGCCAAGA,UDP130,CAGTGGCACT,KapK
LV7008956656-LV7005365930-LV3005888236,,,,UDP131,TTCGGTGTGA,UDP131,ATACTTGTTC,KapK
LV7008956668-LV7005365938-LV3005888243,,,,UDP132,ATGTAACGTT,UDP132,CAGCAATCGT,KapK
LV7008956680-LV7005365946-LV3005888249,,,,UDP133,AACGAGGCCG,UDP133,ATCCAGGTAT,KapK
LV7008956692-LV7005365907-LV3005888231,,,,UDP134,TGGTGTTATG,UDP134,TAGAATTGGA,KapK
LV7008956704-LV7005365915-LV3005888237,,,,UDP135,TGGCCTCTGT,UDP135,CGCTGTCTCA,KapK
LV7008956631-ExrNTC24012402-ExrNTC,,,,UDP137,CCGGTTCCTA,UDP137,CTCGAATATA,KapK
LV7008956655-LibNTC24012401-LibNTC,,,,UDP139,GAATACCTAT,UDP139,ACTCTATTGT,KapK